id,day,avgpool,numberofentries
1,2025-04-17,"[{""key"": ""Abundant"", ""value"": ""0.1302 TLM""}, {""key"": ""Common"", ""value"": ""0.1225 TLM""}, {""key"": ""Epic"", ""value"": ""5.9301 TLM""}, {""key"": ""Legendary"", ""value"": ""13.9036 TLM""}, {""key"": ""Mythical"", ""value"": ""91.9879 TLM""}, {""key"": ""Rare"", ""value"": ""4.5517 TLM""}]",5
2,2025-04-18,"[{""key"": ""Abundant"", ""value"": ""0.1374 TLM""}, {""key"": ""Common"", ""value"": ""0.1146 TLM""}, {""key"": ""Epic"", ""value"": ""5.6509 TLM""}, {""key"": ""Legendary"", ""value"": ""15.1251 TLM""}, {""key"": ""Mythical"", ""value"": ""84.6590 TLM""}, {""key"": ""Rare"", ""value"": ""4.0743 TLM""}]",73
3,2025-04-19,"[{""key"": ""Abundant"", ""value"": ""0.1396 TLM""}, {""key"": ""Common"", ""value"": ""0.1206 TLM""}, {""key"": ""Epic"", ""value"": ""8.9544 TLM""}, {""key"": ""Legendary"", ""value"": ""19.7959 TLM""}, {""key"": ""Mythical"", ""value"": ""179.2153 TLM""}, {""key"": ""Rare"", ""value"": ""5.1385 TLM""}]",74
4,2025-04-20,"[{""key"": ""Abundant"", ""value"": ""0.1348 TLM""}, {""key"": ""Common"", ""value"": ""0.1204 TLM""}, {""key"": ""Epic"", ""value"": ""11.4672 TLM""}, {""key"": ""Legendary"", ""value"": ""23.9534 TLM""}, {""key"": ""Mythical"", ""value"": ""199.2529 TLM""}, {""key"": ""Rare"", ""value"": ""5.7782 TLM""}]",73
5,2025-04-21,"[{""key"": ""Abundant"", ""value"": ""0.1418 TLM""}, {""key"": ""Common"", ""value"": ""0.1205 TLM""}, {""key"": ""Epic"", ""value"": ""10.8219 TLM""}, {""key"": ""Legendary"", ""value"": ""25.3005 TLM""}, {""key"": ""Mythical"", ""value"": ""209.0649 TLM""}, {""key"": ""Rare"", ""value"": ""9.0288 TLM""}]",73
6,2025-04-22,"[{""key"": ""Abundant"", ""value"": ""0.1341 TLM""}, {""key"": ""Common"", ""value"": ""0.1251 TLM""}, {""key"": ""Epic"", ""value"": ""10.6230 TLM""}, {""key"": ""Legendary"", ""value"": ""25.5350 TLM""}, {""key"": ""Mythical"", ""value"": ""315.0986 TLM""}, {""key"": ""Rare"", ""value"": ""11.9052 TLM""}]",74
7,2025-04-23,"[{""key"": ""Abundant"", ""value"": ""0.1338 TLM""}, {""key"": ""Common"", ""value"": ""0.1255 TLM""}, {""key"": ""Epic"", ""value"": ""10.1556 TLM""}, {""key"": ""Legendary"", ""value"": ""22.6562 TLM""}, {""key"": ""Mythical"", ""value"": ""292.1848 TLM""}, {""key"": ""Rare"", ""value"": ""11.6906 TLM""}]",73
8,2025-04-24,"[{""key"": ""Abundant"", ""value"": ""0.1395 TLM""}, {""key"": ""Common"", ""value"": ""0.1139 TLM""}, {""key"": ""Epic"", ""value"": ""10.7450 TLM""}, {""key"": ""Legendary"", ""value"": ""21.5806 TLM""}, {""key"": ""Mythical"", ""value"": ""259.8391 TLM""}, {""key"": ""Rare"", ""value"": ""10.6254 TLM""}]",70
9,2025-04-25,"[{""key"": ""Abundant"", ""value"": ""0.1290 TLM""}, {""key"": ""Common"", ""value"": ""0.1214 TLM""}, {""key"": ""Epic"", ""value"": ""11.2902 TLM""}, {""key"": ""Legendary"", ""value"": ""19.8213 TLM""}, {""key"": ""Mythical"", ""value"": ""259.6244 TLM""}, {""key"": ""Rare"", ""value"": ""11.0732 TLM""}]",72
10,2025-04-26,"[{""key"": ""Abundant"", ""value"": ""0.1308 TLM""}, {""key"": ""Common"", ""value"": ""0.1220 TLM""}, {""key"": ""Epic"", ""value"": ""11.0048 TLM""}, {""key"": ""Legendary"", ""value"": ""21.5692 TLM""}, {""key"": ""Mythical"", ""value"": ""213.2265 TLM""}, {""key"": ""Rare"", ""value"": ""11.0265 TLM""}]",72
11,2025-04-27,"[{""key"": ""Abundant"", ""value"": ""0.1284 TLM""}, {""key"": ""Common"", ""value"": ""0.1207 TLM""}, {""key"": ""Epic"", ""value"": ""10.8685 TLM""}, {""key"": ""Legendary"", ""value"": ""22.5393 TLM""}, {""key"": ""Mythical"", ""value"": ""207.5184 TLM""}, {""key"": ""Rare"", ""value"": ""10.7866 TLM""}]",74
12,2025-04-28,"[{""key"": ""Abundant"", ""value"": ""0.1349 TLM""}, {""key"": ""Common"", ""value"": ""0.1261 TLM""}, {""key"": ""Epic"", ""value"": ""15.8766 TLM""}, {""key"": ""Legendary"", ""value"": ""26.7945 TLM""}, {""key"": ""Mythical"", ""value"": ""210.6167 TLM""}, {""key"": ""Rare"", ""value"": ""11.4738 TLM""}]",72
13,2025-04-29,"[{""key"": ""Abundant"", ""value"": ""0.1384 TLM""}, {""key"": ""Common"", ""value"": ""0.1158 TLM""}, {""key"": ""Epic"", ""value"": ""15.2666 TLM""}, {""key"": ""Legendary"", ""value"": ""25.5679 TLM""}, {""key"": ""Mythical"", ""value"": ""189.7872 TLM""}, {""key"": ""Rare"", ""value"": ""10.9059 TLM""}]",72
14,2025-04-30,"[{""key"": ""Abundant"", ""value"": ""0.1426 TLM""}, {""key"": ""Common"", ""value"": ""0.1214 TLM""}, {""key"": ""Epic"", ""value"": ""12.2626 TLM""}, {""key"": ""Legendary"", ""value"": ""23.4422 TLM""}, {""key"": ""Mythical"", ""value"": ""145.9126 TLM""}, {""key"": ""Rare"", ""value"": ""9.2782 TLM""}]",72
15,2025-05-01,"[{""key"": ""Abundant"", ""value"": ""0.1330 TLM""}, {""key"": ""Common"", ""value"": ""0.1145 TLM""}, {""key"": ""Epic"", ""value"": ""13.6003 TLM""}, {""key"": ""Legendary"", ""value"": ""27.2682 TLM""}, {""key"": ""Mythical"", ""value"": ""207.4129 TLM""}, {""key"": ""Rare"", ""value"": ""10.2908 TLM""}]",74
16,2025-05-02,"[{""key"": ""Abundant"", ""value"": ""0.1450 TLM""}, {""key"": ""Common"", ""value"": ""0.1117 TLM""}, {""key"": ""Epic"", ""value"": ""13.7633 TLM""}, {""key"": ""Legendary"", ""value"": ""25.7200 TLM""}, {""key"": ""Mythical"", ""value"": ""216.7739 TLM""}, {""key"": ""Rare"", ""value"": ""11.0276 TLM""}]",70
17,2025-05-03,"[{""key"": ""Abundant"", ""value"": ""0.1332 TLM""}, {""key"": ""Common"", ""value"": ""0.1165 TLM""}, {""key"": ""Epic"", ""value"": ""15.4037 TLM""}, {""key"": ""Legendary"", ""value"": ""25.6380 TLM""}, {""key"": ""Mythical"", ""value"": ""232.2714 TLM""}, {""key"": ""Rare"", ""value"": ""10.2490 TLM""}]",75
18,2025-05-04,"[{""key"": ""Abundant"", ""value"": ""0.1318 TLM""}, {""key"": ""Common"", ""value"": ""0.1193 TLM""}, {""key"": ""Epic"", ""value"": ""11.8115 TLM""}, {""key"": ""Legendary"", ""value"": ""21.6480 TLM""}, {""key"": ""Mythical"", ""value"": ""184.5201 TLM""}, {""key"": ""Rare"", ""value"": ""9.7507 TLM""}]",70
19,2025-05-05,"[{""key"": ""Abundant"", ""value"": ""0.1230 TLM""}, {""key"": ""Common"", ""value"": ""0.1262 TLM""}, {""key"": ""Epic"", ""value"": ""8.5117 TLM""}, {""key"": ""Legendary"", ""value"": ""18.1757 TLM""}, {""key"": ""Mythical"", ""value"": ""110.2496 TLM""}, {""key"": ""Rare"", ""value"": ""6.9983 TLM""}]",70
20,2025-05-06,"[{""key"": ""Abundant"", ""value"": ""0.1307 TLM""}, {""key"": ""Common"", ""value"": ""0.1218 TLM""}, {""key"": ""Epic"", ""value"": ""11.8631 TLM""}, {""key"": ""Legendary"", ""value"": ""20.6833 TLM""}, {""key"": ""Mythical"", ""value"": ""150.7565 TLM""}, {""key"": ""Rare"", ""value"": ""9.1189 TLM""}]",74
21,2025-05-07,"[{""key"": ""Abundant"", ""value"": ""0.1430 TLM""}, {""key"": ""Common"", ""value"": ""0.1116 TLM""}, {""key"": ""Epic"", ""value"": ""14.7072 TLM""}, {""key"": ""Legendary"", ""value"": ""22.9153 TLM""}, {""key"": ""Mythical"", ""value"": ""218.5336 TLM""}, {""key"": ""Rare"", ""value"": ""10.2931 TLM""}]",71
22,2025-05-08,"[{""key"": ""Abundant"", ""value"": ""0.1270 TLM""}, {""key"": ""Common"", ""value"": ""0.1144 TLM""}, {""key"": ""Epic"", ""value"": ""8.8569 TLM""}, {""key"": ""Legendary"", ""value"": ""19.4557 TLM""}, {""key"": ""Mythical"", ""value"": ""152.2455 TLM""}, {""key"": ""Rare"", ""value"": ""6.7984 TLM""}]",73
23,2025-05-09,"[{""key"": ""Abundant"", ""value"": ""0.1345 TLM""}, {""key"": ""Common"", ""value"": ""0.1385 TLM""}, {""key"": ""Epic"", ""value"": ""9.8924 TLM""}, {""key"": ""Legendary"", ""value"": ""19.9171 TLM""}, {""key"": ""Mythical"", ""value"": ""153.3882 TLM""}, {""key"": ""Rare"", ""value"": ""8.1367 TLM""}]",74
24,2025-05-10,"[{""key"": ""Abundant"", ""value"": ""0.1195 TLM""}, {""key"": ""Common"", ""value"": ""0.1124 TLM""}, {""key"": ""Epic"", ""value"": ""16.2610 TLM""}, {""key"": ""Legendary"", ""value"": ""26.0012 TLM""}, {""key"": ""Mythical"", ""value"": ""264.4675 TLM""}, {""key"": ""Rare"", ""value"": ""10.1612 TLM""}]",71
25,2025-05-11,"[{""key"": ""Abundant"", ""value"": ""0.1276 TLM""}, {""key"": ""Common"", ""value"": ""0.1136 TLM""}, {""key"": ""Epic"", ""value"": ""15.9033 TLM""}, {""key"": ""Legendary"", ""value"": ""28.4914 TLM""}, {""key"": ""Mythical"", ""value"": ""241.1942 TLM""}, {""key"": ""Rare"", ""value"": ""9.8437 TLM""}]",74
26,2025-05-12,"[{""key"": ""Abundant"", ""value"": ""0.1282 TLM""}, {""key"": ""Common"", ""value"": ""0.1330 TLM""}, {""key"": ""Epic"", ""value"": ""14.6006 TLM""}, {""key"": ""Legendary"", ""value"": ""29.0863 TLM""}, {""key"": ""Mythical"", ""value"": ""250.5646 TLM""}, {""key"": ""Rare"", ""value"": ""10.1645 TLM""}]",75
27,2025-05-13,"[{""key"": ""Abundant"", ""value"": ""0.1255 TLM""}, {""key"": ""Common"", ""value"": ""0.1268 TLM""}, {""key"": ""Epic"", ""value"": ""12.9818 TLM""}, {""key"": ""Legendary"", ""value"": ""25.0274 TLM""}, {""key"": ""Mythical"", ""value"": ""189.4184 TLM""}, {""key"": ""Rare"", ""value"": ""9.3644 TLM""}]",73
28,2025-05-14,"[{""key"": ""Abundant"", ""value"": ""0.1336 TLM""}, {""key"": ""Common"", ""value"": ""0.1179 TLM""}, {""key"": ""Epic"", ""value"": ""13.8562 TLM""}, {""key"": ""Legendary"", ""value"": ""28.4781 TLM""}, {""key"": ""Mythical"", ""value"": ""227.2609 TLM""}, {""key"": ""Rare"", ""value"": ""10.1219 TLM""}]",73
29,2025-05-15,"[{""key"": ""Abundant"", ""value"": ""0.1339 TLM""}, {""key"": ""Common"", ""value"": ""0.1319 TLM""}, {""key"": ""Epic"", ""value"": ""14.4655 TLM""}, {""key"": ""Legendary"", ""value"": ""26.8917 TLM""}, {""key"": ""Mythical"", ""value"": ""223.4743 TLM""}, {""key"": ""Rare"", ""value"": ""9.8755 TLM""}]",72
30,2025-05-16,"[{""key"": ""Abundant"", ""value"": ""0.1386 TLM""}, {""key"": ""Common"", ""value"": ""0.1350 TLM""}, {""key"": ""Epic"", ""value"": ""14.7005 TLM""}, {""key"": ""Legendary"", ""value"": ""25.0072 TLM""}, {""key"": ""Mythical"", ""value"": ""226.7289 TLM""}, {""key"": ""Rare"", ""value"": ""9.7458 TLM""}]",70
31,2025-05-17,"[{""key"": ""Abundant"", ""value"": ""0.1315 TLM""}, {""key"": ""Common"", ""value"": ""0.1323 TLM""}, {""key"": ""Epic"", ""value"": ""14.0644 TLM""}, {""key"": ""Legendary"", ""value"": ""25.8524 TLM""}, {""key"": ""Mythical"", ""value"": ""226.0942 TLM""}, {""key"": ""Rare"", ""value"": ""9.7136 TLM""}]",69
32,2025-05-18,"[{""key"": ""Abundant"", ""value"": ""0.1321 TLM""}, {""key"": ""Common"", ""value"": ""0.1346 TLM""}, {""key"": ""Epic"", ""value"": ""14.0222 TLM""}, {""key"": ""Legendary"", ""value"": ""26.4310 TLM""}, {""key"": ""Mythical"", ""value"": ""221.9981 TLM""}, {""key"": ""Rare"", ""value"": ""10.1319 TLM""}]",72
33,2025-05-19,"[{""key"": ""Abundant"", ""value"": ""0.1276 TLM""}, {""key"": ""Common"", ""value"": ""0.1228 TLM""}, {""key"": ""Epic"", ""value"": ""13.8921 TLM""}, {""key"": ""Legendary"", ""value"": ""25.8784 TLM""}, {""key"": ""Mythical"", ""value"": ""210.4252 TLM""}, {""key"": ""Rare"", ""value"": ""9.6392 TLM""}]",71
34,2025-05-20,"[{""key"": ""Abundant"", ""value"": ""0.1171 TLM""}, {""key"": ""Common"", ""value"": ""0.1333 TLM""}, {""key"": ""Epic"", ""value"": ""12.9335 TLM""}, {""key"": ""Legendary"", ""value"": ""23.2013 TLM""}, {""key"": ""Mythical"", ""value"": ""211.4279 TLM""}, {""key"": ""Rare"", ""value"": ""8.7142 TLM""}]",65
35,2025-05-21,"[{""key"": ""Abundant"", ""value"": ""0.1116 TLM""}, {""key"": ""Common"", ""value"": ""0.1242 TLM""}, {""key"": ""Epic"", ""value"": ""10.6166 TLM""}, {""key"": ""Legendary"", ""value"": ""18.8810 TLM""}, {""key"": ""Mythical"", ""value"": ""140.8288 TLM""}, {""key"": ""Rare"", ""value"": ""6.8934 TLM""}]",71
36,2025-05-22,"[{""key"": ""Abundant"", ""value"": ""0.0951 TLM""}, {""key"": ""Common"", ""value"": ""0.1133 TLM""}, {""key"": ""Epic"", ""value"": ""10.4383 TLM""}, {""key"": ""Legendary"", ""value"": ""17.3774 TLM""}, {""key"": ""Mythical"", ""value"": ""136.8357 TLM""}, {""key"": ""Rare"", ""value"": ""5.9523 TLM""}]",69
37,2025-05-23,"[{""key"": ""Abundant"", ""value"": ""0.0929 TLM""}, {""key"": ""Common"", ""value"": ""0.1141 TLM""}, {""key"": ""Epic"", ""value"": ""10.9905 TLM""}, {""key"": ""Legendary"", ""value"": ""17.8014 TLM""}, {""key"": ""Mythical"", ""value"": ""141.3096 TLM""}, {""key"": ""Rare"", ""value"": ""8.1719 TLM""}]",69
38,2025-05-24,"[{""key"": ""Abundant"", ""value"": ""0.1012 TLM""}, {""key"": ""Common"", ""value"": ""0.1139 TLM""}, {""key"": ""Epic"", ""value"": ""12.8470 TLM""}, {""key"": ""Legendary"", ""value"": ""21.8968 TLM""}, {""key"": ""Mythical"", ""value"": ""206.9646 TLM""}, {""key"": ""Rare"", ""value"": ""8.9224 TLM""}]",71
39,2025-05-25,"[{""key"": ""Abundant"", ""value"": ""0.0975 TLM""}, {""key"": ""Common"", ""value"": ""0.1198 TLM""}, {""key"": ""Epic"", ""value"": ""13.2841 TLM""}, {""key"": ""Legendary"", ""value"": ""20.0857 TLM""}, {""key"": ""Mythical"", ""value"": ""198.9742 TLM""}, {""key"": ""Rare"", ""value"": ""8.9330 TLM""}]",74
40,2025-05-26,"[{""key"": ""Abundant"", ""value"": ""0.1007 TLM""}, {""key"": ""Common"", ""value"": ""0.1230 TLM""}, {""key"": ""Epic"", ""value"": ""10.9917 TLM""}, {""key"": ""Legendary"", ""value"": ""18.6313 TLM""}, {""key"": ""Mythical"", ""value"": ""167.9630 TLM""}, {""key"": ""Rare"", ""value"": ""7.7801 TLM""}]",67
41,2025-05-27,"[{""key"": ""Abundant"", ""value"": ""0.0977 TLM""}, {""key"": ""Common"", ""value"": ""0.1163 TLM""}, {""key"": ""Epic"", ""value"": ""11.0678 TLM""}, {""key"": ""Legendary"", ""value"": ""17.7868 TLM""}, {""key"": ""Mythical"", ""value"": ""138.6225 TLM""}, {""key"": ""Rare"", ""value"": ""9.4635 TLM""}]",71
42,2025-05-28,"[{""key"": ""Abundant"", ""value"": ""0.0959 TLM""}, {""key"": ""Common"", ""value"": ""0.1136 TLM""}, {""key"": ""Epic"", ""value"": ""13.8860 TLM""}, {""key"": ""Legendary"", ""value"": ""19.5901 TLM""}, {""key"": ""Mythical"", ""value"": ""177.3315 TLM""}, {""key"": ""Rare"", ""value"": ""9.3518 TLM""}]",71
43,2025-05-29,"[{""key"": ""Abundant"", ""value"": ""0.0971 TLM""}, {""key"": ""Common"", ""value"": ""0.1248 TLM""}, {""key"": ""Epic"", ""value"": ""10.3257 TLM""}, {""key"": ""Legendary"", ""value"": ""17.4229 TLM""}, {""key"": ""Mythical"", ""value"": ""146.0263 TLM""}, {""key"": ""Rare"", ""value"": ""6.6204 TLM""}]",70
44,2025-05-30,"[{""key"": ""Abundant"", ""value"": ""0.1057 TLM""}, {""key"": ""Common"", ""value"": ""0.1233 TLM""}, {""key"": ""Epic"", ""value"": ""8.7447 TLM""}, {""key"": ""Legendary"", ""value"": ""15.3703 TLM""}, {""key"": ""Mythical"", ""value"": ""120.2612 TLM""}, {""key"": ""Rare"", ""value"": ""5.8475 TLM""}]",69
45,2025-05-31,"[{""key"": ""Abundant"", ""value"": ""0.0923 TLM""}, {""key"": ""Common"", ""value"": ""0.1154 TLM""}, {""key"": ""Epic"", ""value"": ""8.1910 TLM""}, {""key"": ""Legendary"", ""value"": ""14.3370 TLM""}, {""key"": ""Mythical"", ""value"": ""111.4129 TLM""}, {""key"": ""Rare"", ""value"": ""5.3847 TLM""}]",69
46,2025-06-01,"[{""key"": ""Abundant"", ""value"": ""0.0919 TLM""}, {""key"": ""Common"", ""value"": ""0.1137 TLM""}, {""key"": ""Epic"", ""value"": ""7.2303 TLM""}, {""key"": ""Legendary"", ""value"": ""13.2493 TLM""}, {""key"": ""Mythical"", ""value"": ""95.0925 TLM""}, {""key"": ""Rare"", ""value"": ""5.0790 TLM""}]",75
47,2025-06-02,"[{""key"": ""Abundant"", ""value"": ""0.1041 TLM""}, {""key"": ""Common"", ""value"": ""0.1256 TLM""}, {""key"": ""Epic"", ""value"": ""6.8386 TLM""}, {""key"": ""Legendary"", ""value"": ""12.5575 TLM""}, {""key"": ""Mythical"", ""value"": ""92.0290 TLM""}, {""key"": ""Rare"", ""value"": ""5.0776 TLM""}]",70
48,2025-06-03,"[{""key"": ""Abundant"", ""value"": ""0.0969 TLM""}, {""key"": ""Common"", ""value"": ""0.1321 TLM""}, {""key"": ""Epic"", ""value"": ""6.8045 TLM""}, {""key"": ""Legendary"", ""value"": ""12.9974 TLM""}, {""key"": ""Mythical"", ""value"": ""93.2667 TLM""}, {""key"": ""Rare"", ""value"": ""4.6640 TLM""}]",69
49,2025-06-04,"[{""key"": ""Abundant"", ""value"": ""0.0911 TLM""}, {""key"": ""Common"", ""value"": ""0.1077 TLM""}, {""key"": ""Epic"", ""value"": ""9.1375 TLM""}, {""key"": ""Legendary"", ""value"": ""14.8666 TLM""}, {""key"": ""Mythical"", ""value"": ""104.0295 TLM""}, {""key"": ""Rare"", ""value"": ""6.4342 TLM""}]",70
50,2025-06-05,"[{""key"": ""Abundant"", ""value"": ""0.0920 TLM""}, {""key"": ""Common"", ""value"": ""0.1136 TLM""}, {""key"": ""Epic"", ""value"": ""9.7092 TLM""}, {""key"": ""Legendary"", ""value"": ""15.5441 TLM""}, {""key"": ""Mythical"", ""value"": ""117.9911 TLM""}, {""key"": ""Rare"", ""value"": ""6.5965 TLM""}]",67
51,2025-06-06,"[{""key"": ""Abundant"", ""value"": ""0.0900 TLM""}, {""key"": ""Common"", ""value"": ""0.1178 TLM""}, {""key"": ""Epic"", ""value"": ""10.6995 TLM""}, {""key"": ""Legendary"", ""value"": ""17.1446 TLM""}, {""key"": ""Mythical"", ""value"": ""163.0407 TLM""}, {""key"": ""Rare"", ""value"": ""7.5148 TLM""}]",67
52,2025-06-07,"[{""key"": ""Abundant"", ""value"": ""0.0870 TLM""}, {""key"": ""Common"", ""value"": ""0.1078 TLM""}, {""key"": ""Epic"", ""value"": ""12.7225 TLM""}, {""key"": ""Legendary"", ""value"": ""21.6996 TLM""}, {""key"": ""Mythical"", ""value"": ""150.1197 TLM""}, {""key"": ""Rare"", ""value"": ""8.5878 TLM""}]",68
53,2025-06-08,"[{""key"": ""Abundant"", ""value"": ""0.0816 TLM""}, {""key"": ""Common"", ""value"": ""0.1148 TLM""}, {""key"": ""Epic"", ""value"": ""12.5875 TLM""}, {""key"": ""Legendary"", ""value"": ""19.7717 TLM""}, {""key"": ""Mythical"", ""value"": ""132.9432 TLM""}, {""key"": ""Rare"", ""value"": ""8.2170 TLM""}]",71
54,2025-06-09,"[{""key"": ""Abundant"", ""value"": ""0.0781 TLM""}, {""key"": ""Common"", ""value"": ""0.1112 TLM""}, {""key"": ""Epic"", ""value"": ""11.2628 TLM""}, {""key"": ""Legendary"", ""value"": ""18.6807 TLM""}, {""key"": ""Mythical"", ""value"": ""128.5113 TLM""}, {""key"": ""Rare"", ""value"": ""8.4382 TLM""}]",67
55,2025-06-10,"[{""key"": ""Abundant"", ""value"": ""0.0849 TLM""}, {""key"": ""Common"", ""value"": ""0.1174 TLM""}, {""key"": ""Epic"", ""value"": ""6.9083 TLM""}, {""key"": ""Legendary"", ""value"": ""14.5843 TLM""}, {""key"": ""Mythical"", ""value"": ""104.4138 TLM""}, {""key"": ""Rare"", ""value"": ""6.1253 TLM""}]",70
56,2025-06-11,"[{""key"": ""Abundant"", ""value"": ""0.0798 TLM""}, {""key"": ""Common"", ""value"": ""0.1181 TLM""}, {""key"": ""Epic"", ""value"": ""5.9856 TLM""}, {""key"": ""Legendary"", ""value"": ""12.2272 TLM""}, {""key"": ""Mythical"", ""value"": ""100.4133 TLM""}, {""key"": ""Rare"", ""value"": ""5.1637 TLM""}]",70
57,2025-06-12,"[{""key"": ""Abundant"", ""value"": ""0.0872 TLM""}, {""key"": ""Common"", ""value"": ""0.1205 TLM""}, {""key"": ""Epic"", ""value"": ""7.2253 TLM""}, {""key"": ""Legendary"", ""value"": ""14.2651 TLM""}, {""key"": ""Mythical"", ""value"": ""99.4222 TLM""}, {""key"": ""Rare"", ""value"": ""5.8990 TLM""}]",65
58,2025-06-13,"[{""key"": ""Abundant"", ""value"": ""0.0838 TLM""}, {""key"": ""Common"", ""value"": ""0.1106 TLM""}, {""key"": ""Epic"", ""value"": ""9.4511 TLM""}, {""key"": ""Legendary"", ""value"": ""17.9489 TLM""}, {""key"": ""Mythical"", ""value"": ""126.6991 TLM""}, {""key"": ""Rare"", ""value"": ""8.8032 TLM""}]",67
59,2025-06-14,"[{""key"": ""Abundant"", ""value"": ""0.0821 TLM""}, {""key"": ""Common"", ""value"": ""0.1215 TLM""}, {""key"": ""Epic"", ""value"": ""12.4056 TLM""}, {""key"": ""Legendary"", ""value"": ""19.1899 TLM""}, {""key"": ""Mythical"", ""value"": ""128.7555 TLM""}, {""key"": ""Rare"", ""value"": ""8.2814 TLM""}]",67
60,2025-06-15,"[{""key"": ""Abundant"", ""value"": ""0.0859 TLM""}, {""key"": ""Common"", ""value"": ""0.1122 TLM""}, {""key"": ""Epic"", ""value"": ""11.2715 TLM""}, {""key"": ""Legendary"", ""value"": ""18.4278 TLM""}, {""key"": ""Mythical"", ""value"": ""111.4815 TLM""}, {""key"": ""Rare"", ""value"": ""7.9325 TLM""}]",65
61,2025-06-16,"[{""key"": ""Abundant"", ""value"": ""0.0874 TLM""}, {""key"": ""Common"", ""value"": ""0.1192 TLM""}, {""key"": ""Epic"", ""value"": ""11.5212 TLM""}, {""key"": ""Legendary"", ""value"": ""16.6892 TLM""}, {""key"": ""Mythical"", ""value"": ""132.8273 TLM""}, {""key"": ""Rare"", ""value"": ""7.8749 TLM""}]",70
62,2025-06-17,"[{""key"": ""Abundant"", ""value"": ""0.0822 TLM""}, {""key"": ""Common"", ""value"": ""0.1224 TLM""}, {""key"": ""Epic"", ""value"": ""10.7396 TLM""}, {""key"": ""Legendary"", ""value"": ""16.9770 TLM""}, {""key"": ""Mythical"", ""value"": ""165.6272 TLM""}, {""key"": ""Rare"", ""value"": ""8.5775 TLM""}]",64
63,2025-06-18,"[{""key"": ""Abundant"", ""value"": ""0.0796 TLM""}, {""key"": ""Common"", ""value"": ""0.1248 TLM""}, {""key"": ""Epic"", ""value"": ""10.4356 TLM""}, {""key"": ""Legendary"", ""value"": ""16.8866 TLM""}, {""key"": ""Mythical"", ""value"": ""136.8221 TLM""}, {""key"": ""Rare"", ""value"": ""7.9895 TLM""}]",69
64,2025-06-19,"[{""key"": ""Abundant"", ""value"": ""0.0812 TLM""}, {""key"": ""Common"", ""value"": ""0.1130 TLM""}, {""key"": ""Epic"", ""value"": ""12.2647 TLM""}, {""key"": ""Legendary"", ""value"": ""17.8132 TLM""}, {""key"": ""Mythical"", ""value"": ""162.1587 TLM""}, {""key"": ""Rare"", ""value"": ""8.4020 TLM""}]",70
65,2025-06-20,"[{""key"": ""Abundant"", ""value"": ""0.0775 TLM""}, {""key"": ""Common"", ""value"": ""0.1159 TLM""}, {""key"": ""Epic"", ""value"": ""10.9981 TLM""}, {""key"": ""Legendary"", ""value"": ""17.1508 TLM""}, {""key"": ""Mythical"", ""value"": ""151.1191 TLM""}, {""key"": ""Rare"", ""value"": ""8.1195 TLM""}]",68
66,2025-06-21,"[{""key"": ""Abundant"", ""value"": ""0.0773 TLM""}, {""key"": ""Common"", ""value"": ""0.1013 TLM""}, {""key"": ""Epic"", ""value"": ""10.4714 TLM""}, {""key"": ""Legendary"", ""value"": ""16.7990 TLM""}, {""key"": ""Mythical"", ""value"": ""167.2295 TLM""}, {""key"": ""Rare"", ""value"": ""8.7573 TLM""}]",65
67,2025-06-22,"[{""key"": ""Abundant"", ""value"": ""0.0803 TLM""}, {""key"": ""Common"", ""value"": ""0.1021 TLM""}, {""key"": ""Epic"", ""value"": ""10.1653 TLM""}, {""key"": ""Legendary"", ""value"": ""16.9854 TLM""}, {""key"": ""Mythical"", ""value"": ""196.3232 TLM""}, {""key"": ""Rare"", ""value"": ""9.0496 TLM""}]",68
68,2025-06-23,"[{""key"": ""Abundant"", ""value"": ""0.0823 TLM""}, {""key"": ""Common"", ""value"": ""0.1049 TLM""}, {""key"": ""Epic"", ""value"": ""10.5274 TLM""}, {""key"": ""Legendary"", ""value"": ""17.7006 TLM""}, {""key"": ""Mythical"", ""value"": ""130.3275 TLM""}, {""key"": ""Rare"", ""value"": ""7.9023 TLM""}]",64
69,2025-06-24,"[{""key"": ""Abundant"", ""value"": ""0.0821 TLM""}, {""key"": ""Common"", ""value"": ""0.1080 TLM""}, {""key"": ""Epic"", ""value"": ""10.3033 TLM""}, {""key"": ""Legendary"", ""value"": ""19.6368 TLM""}, {""key"": ""Mythical"", ""value"": ""142.6929 TLM""}, {""key"": ""Rare"", ""value"": ""8.0209 TLM""}]",66
70,2025-06-25,"[{""key"": ""Abundant"", ""value"": ""0.0804 TLM""}, {""key"": ""Common"", ""value"": ""0.1345 TLM""}, {""key"": ""Epic"", ""value"": ""13.7340 TLM""}, {""key"": ""Legendary"", ""value"": ""23.0917 TLM""}, {""key"": ""Mythical"", ""value"": ""152.4627 TLM""}, {""key"": ""Rare"", ""value"": ""12.0182 TLM""}]",65
71,2025-06-26,"[{""key"": ""Abundant"", ""value"": ""0.0841 TLM""}, {""key"": ""Common"", ""value"": ""0.1031 TLM""}, {""key"": ""Epic"", ""value"": ""10.1693 TLM""}, {""key"": ""Legendary"", ""value"": ""19.9800 TLM""}, {""key"": ""Mythical"", ""value"": ""153.7668 TLM""}, {""key"": ""Rare"", ""value"": ""8.8621 TLM""}]",72
72,2025-06-27,"[{""key"": ""Abundant"", ""value"": ""0.0751 TLM""}, {""key"": ""Common"", ""value"": ""0.0997 TLM""}, {""key"": ""Epic"", ""value"": ""7.6083 TLM""}, {""key"": ""Legendary"", ""value"": ""13.4648 TLM""}, {""key"": ""Mythical"", ""value"": ""104.2584 TLM""}, {""key"": ""Rare"", ""value"": ""6.1908 TLM""}]",70
73,2025-06-28,"[{""key"": ""Abundant"", ""value"": ""0.0790 TLM""}, {""key"": ""Common"", ""value"": ""0.1080 TLM""}, {""key"": ""Epic"", ""value"": ""6.1912 TLM""}, {""key"": ""Legendary"", ""value"": ""12.2005 TLM""}, {""key"": ""Mythical"", ""value"": ""92.5688 TLM""}, {""key"": ""Rare"", ""value"": ""5.2249 TLM""}]",68
74,2025-06-29,"[{""key"": ""Abundant"", ""value"": ""0.0858 TLM""}, {""key"": ""Common"", ""value"": ""0.1204 TLM""}, {""key"": ""Epic"", ""value"": ""8.3900 TLM""}, {""key"": ""Legendary"", ""value"": ""14.7672 TLM""}, {""key"": ""Mythical"", ""value"": ""109.8677 TLM""}, {""key"": ""Rare"", ""value"": ""7.5478 TLM""}]",64
75,2025-06-30,"[{""key"": ""Abundant"", ""value"": ""0.0739 TLM""}, {""key"": ""Common"", ""value"": ""0.1113 TLM""}, {""key"": ""Epic"", ""value"": ""9.7743 TLM""}, {""key"": ""Legendary"", ""value"": ""17.3185 TLM""}, {""key"": ""Mythical"", ""value"": ""119.1438 TLM""}, {""key"": ""Rare"", ""value"": ""8.0133 TLM""}]",67
76,2025-07-01,"[{""key"": ""Abundant"", ""value"": ""0.0855 TLM""}, {""key"": ""Common"", ""value"": ""0.1228 TLM""}, {""key"": ""Epic"", ""value"": ""8.5576 TLM""}, {""key"": ""Legendary"", ""value"": ""15.5300 TLM""}, {""key"": ""Mythical"", ""value"": ""113.8664 TLM""}, {""key"": ""Rare"", ""value"": ""8.0627 TLM""}]",69
77,2025-07-02,"[{""key"": ""Abundant"", ""value"": ""0.0836 TLM""}, {""key"": ""Common"", ""value"": ""0.1165 TLM""}, {""key"": ""Epic"", ""value"": ""8.5334 TLM""}, {""key"": ""Legendary"", ""value"": ""16.1945 TLM""}, {""key"": ""Mythical"", ""value"": ""109.5290 TLM""}, {""key"": ""Rare"", ""value"": ""7.9827 TLM""}]",68
78,2025-07-03,"[{""key"": ""Abundant"", ""value"": ""0.0820 TLM""}, {""key"": ""Common"", ""value"": ""0.1238 TLM""}, {""key"": ""Epic"", ""value"": ""8.2177 TLM""}, {""key"": ""Legendary"", ""value"": ""16.5584 TLM""}, {""key"": ""Mythical"", ""value"": ""115.2748 TLM""}, {""key"": ""Rare"", ""value"": ""7.7103 TLM""}]",63
79,2025-07-04,"[{""key"": ""Abundant"", ""value"": ""0.0980 TLM""}, {""key"": ""Common"", ""value"": ""0.1189 TLM""}, {""key"": ""Epic"", ""value"": ""8.9122 TLM""}, {""key"": ""Legendary"", ""value"": ""17.2375 TLM""}, {""key"": ""Mythical"", ""value"": ""93.0318 TLM""}, {""key"": ""Rare"", ""value"": ""7.4611 TLM""}]",66
80,2025-07-05,"[{""key"": ""Abundant"", ""value"": ""0.0998 TLM""}, {""key"": ""Common"", ""value"": ""0.1137 TLM""}, {""key"": ""Epic"", ""value"": ""8.0434 TLM""}, {""key"": ""Legendary"", ""value"": ""16.1149 TLM""}, {""key"": ""Mythical"", ""value"": ""96.1638 TLM""}, {""key"": ""Rare"", ""value"": ""7.6953 TLM""}]",68
81,2025-07-06,"[{""key"": ""Abundant"", ""value"": ""0.0889 TLM""}, {""key"": ""Common"", ""value"": ""0.1331 TLM""}, {""key"": ""Epic"", ""value"": ""8.2318 TLM""}, {""key"": ""Legendary"", ""value"": ""16.4564 TLM""}, {""key"": ""Mythical"", ""value"": ""87.0769 TLM""}, {""key"": ""Rare"", ""value"": ""7.6985 TLM""}]",64
82,2025-07-07,"[{""key"": ""Abundant"", ""value"": ""0.0993 TLM""}, {""key"": ""Common"", ""value"": ""0.1231 TLM""}, {""key"": ""Epic"", ""value"": ""8.5246 TLM""}, {""key"": ""Legendary"", ""value"": ""16.4205 TLM""}, {""key"": ""Mythical"", ""value"": ""79.6929 TLM""}, {""key"": ""Rare"", ""value"": ""7.3301 TLM""}]",70
83,2025-07-08,"[{""key"": ""Abundant"", ""value"": ""0.0849 TLM""}, {""key"": ""Common"", ""value"": ""0.1089 TLM""}, {""key"": ""Epic"", ""value"": ""7.7720 TLM""}, {""key"": ""Legendary"", ""value"": ""15.7480 TLM""}, {""key"": ""Mythical"", ""value"": ""90.8267 TLM""}, {""key"": ""Rare"", ""value"": ""7.5222 TLM""}]",68
84,2025-07-09,"[{""key"": ""Abundant"", ""value"": ""0.0860 TLM""}, {""key"": ""Common"", ""value"": ""0.1110 TLM""}, {""key"": ""Epic"", ""value"": ""7.5427 TLM""}, {""key"": ""Legendary"", ""value"": ""15.8690 TLM""}, {""key"": ""Mythical"", ""value"": ""80.9336 TLM""}, {""key"": ""Rare"", ""value"": ""8.2523 TLM""}]",70
85,2025-07-10,"[{""key"": ""Abundant"", ""value"": ""0.0881 TLM""}, {""key"": ""Common"", ""value"": ""0.1069 TLM""}, {""key"": ""Epic"", ""value"": ""7.7725 TLM""}, {""key"": ""Legendary"", ""value"": ""16.6714 TLM""}, {""key"": ""Mythical"", ""value"": ""80.9028 TLM""}, {""key"": ""Rare"", ""value"": ""7.0377 TLM""}]",66
86,2025-07-11,"[{""key"": ""Abundant"", ""value"": ""0.0921 TLM""}, {""key"": ""Common"", ""value"": ""0.1235 TLM""}, {""key"": ""Epic"", ""value"": ""7.3255 TLM""}, {""key"": ""Legendary"", ""value"": ""15.5254 TLM""}, {""key"": ""Mythical"", ""value"": ""75.7298 TLM""}, {""key"": ""Rare"", ""value"": ""7.3182 TLM""}]",69
87,2025-07-12,"[{""key"": ""Abundant"", ""value"": ""0.0812 TLM""}, {""key"": ""Common"", ""value"": ""0.1223 TLM""}, {""key"": ""Epic"", ""value"": ""7.5807 TLM""}, {""key"": ""Legendary"", ""value"": ""16.4211 TLM""}, {""key"": ""Mythical"", ""value"": ""76.3522 TLM""}, {""key"": ""Rare"", ""value"": ""6.8661 TLM""}]",69
88,2025-07-13,"[{""key"": ""Abundant"", ""value"": ""0.0877 TLM""}, {""key"": ""Common"", ""value"": ""0.1224 TLM""}, {""key"": ""Epic"", ""value"": ""7.2820 TLM""}, {""key"": ""Legendary"", ""value"": ""15.5715 TLM""}, {""key"": ""Mythical"", ""value"": ""78.1798 TLM""}, {""key"": ""Rare"", ""value"": ""7.0333 TLM""}]",71
89,2025-07-14,"[{""key"": ""Abundant"", ""value"": ""0.0904 TLM""}, {""key"": ""Common"", ""value"": ""0.1197 TLM""}, {""key"": ""Epic"", ""value"": ""7.2949 TLM""}, {""key"": ""Legendary"", ""value"": ""15.9219 TLM""}, {""key"": ""Mythical"", ""value"": ""75.1837 TLM""}, {""key"": ""Rare"", ""value"": ""7.0835 TLM""}]",71
90,2025-07-15,"[{""key"": ""Abundant"", ""value"": ""0.0863 TLM""}, {""key"": ""Common"", ""value"": ""0.1173 TLM""}, {""key"": ""Epic"", ""value"": ""7.3535 TLM""}, {""key"": ""Legendary"", ""value"": ""16.2471 TLM""}, {""key"": ""Mythical"", ""value"": ""74.9044 TLM""}, {""key"": ""Rare"", ""value"": ""7.0256 TLM""}]",61
91,2025-07-16,"[{""key"": ""Abundant"", ""value"": ""0.0868 TLM""}, {""key"": ""Common"", ""value"": ""0.1201 TLM""}, {""key"": ""Epic"", ""value"": ""7.1493 TLM""}, {""key"": ""Legendary"", ""value"": ""15.0921 TLM""}, {""key"": ""Mythical"", ""value"": ""78.9299 TLM""}, {""key"": ""Rare"", ""value"": ""6.9443 TLM""}]",69
92,2025-07-17,"[{""key"": ""Abundant"", ""value"": ""0.0835 TLM""}, {""key"": ""Common"", ""value"": ""0.1096 TLM""}, {""key"": ""Epic"", ""value"": ""7.1674 TLM""}, {""key"": ""Legendary"", ""value"": ""15.5740 TLM""}, {""key"": ""Mythical"", ""value"": ""77.4975 TLM""}, {""key"": ""Rare"", ""value"": ""6.7733 TLM""}]",71
93,2025-07-18,"[{""key"": ""Abundant"", ""value"": ""0.0840 TLM""}, {""key"": ""Common"", ""value"": ""0.1106 TLM""}, {""key"": ""Epic"", ""value"": ""7.3450 TLM""}, {""key"": ""Legendary"", ""value"": ""15.4216 TLM""}, {""key"": ""Mythical"", ""value"": ""73.8606 TLM""}, {""key"": ""Rare"", ""value"": ""6.9183 TLM""}]",66
94,2025-07-19,"[{""key"": ""Abundant"", ""value"": ""0.0931 TLM""}, {""key"": ""Common"", ""value"": ""0.1123 TLM""}, {""key"": ""Epic"", ""value"": ""7.3243 TLM""}, {""key"": ""Legendary"", ""value"": ""15.5796 TLM""}, {""key"": ""Mythical"", ""value"": ""78.8296 TLM""}, {""key"": ""Rare"", ""value"": ""7.0575 TLM""}]",67
95,2025-07-20,"[{""key"": ""Abundant"", ""value"": ""0.0865 TLM""}, {""key"": ""Common"", ""value"": ""0.1170 TLM""}, {""key"": ""Epic"", ""value"": ""7.0646 TLM""}, {""key"": ""Legendary"", ""value"": ""15.7502 TLM""}, {""key"": ""Mythical"", ""value"": ""75.1132 TLM""}, {""key"": ""Rare"", ""value"": ""6.9875 TLM""}]",73
96,2025-07-21,"[{""key"": ""Abundant"", ""value"": ""0.0819 TLM""}, {""key"": ""Common"", ""value"": ""0.1150 TLM""}, {""key"": ""Epic"", ""value"": ""6.6298 TLM""}, {""key"": ""Legendary"", ""value"": ""15.5391 TLM""}, {""key"": ""Mythical"", ""value"": ""74.3484 TLM""}, {""key"": ""Rare"", ""value"": ""7.0478 TLM""}]",69
97,2025-07-22,"[{""key"": ""Abundant"", ""value"": ""0.0863 TLM""}, {""key"": ""Common"", ""value"": ""0.1074 TLM""}, {""key"": ""Epic"", ""value"": ""6.8653 TLM""}, {""key"": ""Legendary"", ""value"": ""15.4110 TLM""}, {""key"": ""Mythical"", ""value"": ""73.9655 TLM""}, {""key"": ""Rare"", ""value"": ""6.7542 TLM""}]",64
98,2025-07-23,"[{""key"": ""Abundant"", ""value"": ""0.0837 TLM""}, {""key"": ""Common"", ""value"": ""0.1148 TLM""}, {""key"": ""Epic"", ""value"": ""6.7302 TLM""}, {""key"": ""Legendary"", ""value"": ""16.0556 TLM""}, {""key"": ""Mythical"", ""value"": ""73.8793 TLM""}, {""key"": ""Rare"", ""value"": ""6.3279 TLM""}]",64
99,2025-07-24,"[{""key"": ""Abundant"", ""value"": ""0.0836 TLM""}, {""key"": ""Common"", ""value"": ""0.1212 TLM""}, {""key"": ""Epic"", ""value"": ""6.7806 TLM""}, {""key"": ""Legendary"", ""value"": ""16.3662 TLM""}, {""key"": ""Mythical"", ""value"": ""75.7242 TLM""}, {""key"": ""Rare"", ""value"": ""6.1211 TLM""}]",64
100,2025-07-25,"[{""key"": ""Abundant"", ""value"": ""0.0786 TLM""}, {""key"": ""Common"", ""value"": ""0.1202 TLM""}, {""key"": ""Epic"", ""value"": ""6.3052 TLM""}, {""key"": ""Legendary"", ""value"": ""14.2666 TLM""}, {""key"": ""Mythical"", ""value"": ""75.4901 TLM""}, {""key"": ""Rare"", ""value"": ""5.7737 TLM""}]",70
101,2025-07-26,"[{""key"": ""Abundant"", ""value"": ""0.0804 TLM""}, {""key"": ""Common"", ""value"": ""0.1105 TLM""}, {""key"": ""Epic"", ""value"": ""5.8202 TLM""}, {""key"": ""Legendary"", ""value"": ""13.2599 TLM""}, {""key"": ""Mythical"", ""value"": ""81.1759 TLM""}, {""key"": ""Rare"", ""value"": ""5.0804 TLM""}]",65
102,2025-07-27,"[{""key"": ""Abundant"", ""value"": ""0.0772 TLM""}, {""key"": ""Common"", ""value"": ""0.1121 TLM""}, {""key"": ""Epic"", ""value"": ""6.1631 TLM""}, {""key"": ""Legendary"", ""value"": ""15.3436 TLM""}, {""key"": ""Mythical"", ""value"": ""83.7730 TLM""}, {""key"": ""Rare"", ""value"": ""6.1540 TLM""}]",69
103,2025-07-28,"[{""key"": ""Abundant"", ""value"": ""0.0765 TLM""}, {""key"": ""Common"", ""value"": ""0.1213 TLM""}, {""key"": ""Epic"", ""value"": ""6.0987 TLM""}, {""key"": ""Legendary"", ""value"": ""14.3213 TLM""}, {""key"": ""Mythical"", ""value"": ""72.6849 TLM""}, {""key"": ""Rare"", ""value"": ""6.1583 TLM""}]",69
104,2025-07-29,"[{""key"": ""Abundant"", ""value"": ""0.0802 TLM""}, {""key"": ""Common"", ""value"": ""0.0998 TLM""}, {""key"": ""Epic"", ""value"": ""5.9685 TLM""}, {""key"": ""Legendary"", ""value"": ""13.5464 TLM""}, {""key"": ""Mythical"", ""value"": ""74.3724 TLM""}, {""key"": ""Rare"", ""value"": ""5.6827 TLM""}]",68
105,2025-07-30,"[{""key"": ""Abundant"", ""value"": ""0.0825 TLM""}, {""key"": ""Common"", ""value"": ""0.1015 TLM""}, {""key"": ""Epic"", ""value"": ""5.7486 TLM""}, {""key"": ""Legendary"", ""value"": ""13.6621 TLM""}, {""key"": ""Mythical"", ""value"": ""71.8872 TLM""}, {""key"": ""Rare"", ""value"": ""5.9026 TLM""}]",64
106,2025-07-31,"[{""key"": ""Abundant"", ""value"": ""0.0749 TLM""}, {""key"": ""Common"", ""value"": ""0.0997 TLM""}, {""key"": ""Epic"", ""value"": ""5.7734 TLM""}, {""key"": ""Legendary"", ""value"": ""13.8754 TLM""}, {""key"": ""Mythical"", ""value"": ""76.1197 TLM""}, {""key"": ""Rare"", ""value"": ""5.5673 TLM""}]",67
107,2025-08-01,"[{""key"": ""Abundant"", ""value"": ""0.0767 TLM""}, {""key"": ""Common"", ""value"": ""0.1012 TLM""}, {""key"": ""Epic"", ""value"": ""5.6471 TLM""}, {""key"": ""Legendary"", ""value"": ""13.1785 TLM""}, {""key"": ""Mythical"", ""value"": ""76.2166 TLM""}, {""key"": ""Rare"", ""value"": ""5.6961 TLM""}]",67
108,2025-08-02,"[{""key"": ""Abundant"", ""value"": ""0.0782 TLM""}, {""key"": ""Common"", ""value"": ""0.1052 TLM""}, {""key"": ""Epic"", ""value"": ""5.5801 TLM""}, {""key"": ""Legendary"", ""value"": ""12.6594 TLM""}, {""key"": ""Mythical"", ""value"": ""79.2967 TLM""}, {""key"": ""Rare"", ""value"": ""5.8676 TLM""}]",68
109,2025-08-03,"[{""key"": ""Abundant"", ""value"": ""0.0772 TLM""}, {""key"": ""Common"", ""value"": ""0.1064 TLM""}, {""key"": ""Epic"", ""value"": ""5.5093 TLM""}, {""key"": ""Legendary"", ""value"": ""12.4284 TLM""}, {""key"": ""Mythical"", ""value"": ""76.0395 TLM""}, {""key"": ""Rare"", ""value"": ""5.7380 TLM""}]",73
110,2025-08-04,"[{""key"": ""Abundant"", ""value"": ""0.0753 TLM""}, {""key"": ""Common"", ""value"": ""0.1020 TLM""}, {""key"": ""Epic"", ""value"": ""5.2797 TLM""}, {""key"": ""Legendary"", ""value"": ""12.1349 TLM""}, {""key"": ""Mythical"", ""value"": ""72.4895 TLM""}, {""key"": ""Rare"", ""value"": ""5.2527 TLM""}]",67
111,2025-08-05,"[{""key"": ""Abundant"", ""value"": ""0.0776 TLM""}, {""key"": ""Common"", ""value"": ""0.0980 TLM""}, {""key"": ""Epic"", ""value"": ""5.3754 TLM""}, {""key"": ""Legendary"", ""value"": ""11.7530 TLM""}, {""key"": ""Mythical"", ""value"": ""73.8690 TLM""}, {""key"": ""Rare"", ""value"": ""5.0648 TLM""}]",71
112,2025-08-06,"[{""key"": ""Abundant"", ""value"": ""0.0736 TLM""}, {""key"": ""Common"", ""value"": ""0.1081 TLM""}, {""key"": ""Epic"", ""value"": ""5.2559 TLM""}, {""key"": ""Legendary"", ""value"": ""12.2622 TLM""}, {""key"": ""Mythical"", ""value"": ""73.1065 TLM""}, {""key"": ""Rare"", ""value"": ""4.9884 TLM""}]",69
113,2025-08-07,"[{""key"": ""Abundant"", ""value"": ""0.0772 TLM""}, {""key"": ""Common"", ""value"": ""0.0948 TLM""}, {""key"": ""Epic"", ""value"": ""5.2316 TLM""}, {""key"": ""Legendary"", ""value"": ""11.8227 TLM""}, {""key"": ""Mythical"", ""value"": ""76.8674 TLM""}, {""key"": ""Rare"", ""value"": ""5.2451 TLM""}]",70
114,2025-08-08,"[{""key"": ""Abundant"", ""value"": ""0.0784 TLM""}, {""key"": ""Common"", ""value"": ""0.0966 TLM""}, {""key"": ""Epic"", ""value"": ""5.1555 TLM""}, {""key"": ""Legendary"", ""value"": ""12.1831 TLM""}, {""key"": ""Mythical"", ""value"": ""74.8534 TLM""}, {""key"": ""Rare"", ""value"": ""4.8433 TLM""}]",67
115,2025-08-09,"[{""key"": ""Abundant"", ""value"": ""0.0800 TLM""}, {""key"": ""Common"", ""value"": ""0.1142 TLM""}, {""key"": ""Epic"", ""value"": ""5.3379 TLM""}, {""key"": ""Legendary"", ""value"": ""12.2060 TLM""}, {""key"": ""Mythical"", ""value"": ""78.3183 TLM""}, {""key"": ""Rare"", ""value"": ""4.5859 TLM""}]",68
116,2025-08-10,"[{""key"": ""Abundant"", ""value"": ""0.0783 TLM""}, {""key"": ""Common"", ""value"": ""0.1057 TLM""}, {""key"": ""Epic"", ""value"": ""5.4409 TLM""}, {""key"": ""Legendary"", ""value"": ""11.5774 TLM""}, {""key"": ""Mythical"", ""value"": ""75.5558 TLM""}, {""key"": ""Rare"", ""value"": ""4.3984 TLM""}]",65
117,2025-08-11,"[{""key"": ""Abundant"", ""value"": ""0.0770 TLM""}, {""key"": ""Common"", ""value"": ""0.1081 TLM""}, {""key"": ""Epic"", ""value"": ""5.0906 TLM""}, {""key"": ""Legendary"", ""value"": ""11.3996 TLM""}, {""key"": ""Mythical"", ""value"": ""72.6197 TLM""}, {""key"": ""Rare"", ""value"": ""3.9293 TLM""}]",67
118,2025-08-12,"[{""key"": ""Abundant"", ""value"": ""0.0748 TLM""}, {""key"": ""Common"", ""value"": ""0.0987 TLM""}, {""key"": ""Epic"", ""value"": ""5.4354 TLM""}, {""key"": ""Legendary"", ""value"": ""11.8308 TLM""}, {""key"": ""Mythical"", ""value"": ""71.4882 TLM""}, {""key"": ""Rare"", ""value"": ""4.1617 TLM""}]",71
119,2025-08-13,"[{""key"": ""Abundant"", ""value"": ""0.0752 TLM""}, {""key"": ""Common"", ""value"": ""0.1144 TLM""}, {""key"": ""Epic"", ""value"": ""5.2947 TLM""}, {""key"": ""Legendary"", ""value"": ""11.1888 TLM""}, {""key"": ""Mythical"", ""value"": ""69.6592 TLM""}, {""key"": ""Rare"", ""value"": ""3.9552 TLM""}]",69
120,2025-08-14,"[{""key"": ""Abundant"", ""value"": ""0.0734 TLM""}, {""key"": ""Common"", ""value"": ""0.1139 TLM""}, {""key"": ""Epic"", ""value"": ""5.3181 TLM""}, {""key"": ""Legendary"", ""value"": ""12.5205 TLM""}, {""key"": ""Mythical"", ""value"": ""73.8905 TLM""}, {""key"": ""Rare"", ""value"": ""4.8691 TLM""}]",67
121,2025-08-15,"[{""key"": ""Abundant"", ""value"": ""0.0707 TLM""}, {""key"": ""Common"", ""value"": ""0.0993 TLM""}, {""key"": ""Epic"", ""value"": ""5.0013 TLM""}, {""key"": ""Legendary"", ""value"": ""10.5109 TLM""}, {""key"": ""Mythical"", ""value"": ""82.5436 TLM""}, {""key"": ""Rare"", ""value"": ""4.1864 TLM""}]",63
122,2025-08-16,"[{""key"": ""Abundant"", ""value"": ""0.0723 TLM""}, {""key"": ""Common"", ""value"": ""0.0981 TLM""}, {""key"": ""Epic"", ""value"": ""4.7540 TLM""}, {""key"": ""Legendary"", ""value"": ""11.0149 TLM""}, {""key"": ""Mythical"", ""value"": ""79.7262 TLM""}, {""key"": ""Rare"", ""value"": ""4.2400 TLM""}]",70
123,2025-08-17,"[{""key"": ""Abundant"", ""value"": ""0.0748 TLM""}, {""key"": ""Common"", ""value"": ""0.1083 TLM""}, {""key"": ""Epic"", ""value"": ""4.6756 TLM""}, {""key"": ""Legendary"", ""value"": ""11.6295 TLM""}, {""key"": ""Mythical"", ""value"": ""74.9833 TLM""}, {""key"": ""Rare"", ""value"": ""3.6848 TLM""}]",66
124,2025-08-18,"[{""key"": ""Abundant"", ""value"": ""0.0691 TLM""}, {""key"": ""Common"", ""value"": ""0.0991 TLM""}, {""key"": ""Epic"", ""value"": ""4.5154 TLM""}, {""key"": ""Legendary"", ""value"": ""10.6198 TLM""}, {""key"": ""Mythical"", ""value"": ""67.6212 TLM""}, {""key"": ""Rare"", ""value"": ""3.2718 TLM""}]",71
125,2025-08-19,"[{""key"": ""Abundant"", ""value"": ""0.0666 TLM""}, {""key"": ""Common"", ""value"": ""0.0968 TLM""}, {""key"": ""Epic"", ""value"": ""4.1526 TLM""}, {""key"": ""Legendary"", ""value"": ""10.5562 TLM""}, {""key"": ""Mythical"", ""value"": ""65.5804 TLM""}, {""key"": ""Rare"", ""value"": ""3.1978 TLM""}]",66
126,2025-08-20,"[{""key"": ""Abundant"", ""value"": ""0.0701 TLM""}, {""key"": ""Common"", ""value"": ""0.1067 TLM""}, {""key"": ""Epic"", ""value"": ""3.8207 TLM""}, {""key"": ""Legendary"", ""value"": ""10.1536 TLM""}, {""key"": ""Mythical"", ""value"": ""67.0900 TLM""}, {""key"": ""Rare"", ""value"": ""3.0386 TLM""}]",67
127,2025-08-21,"[{""key"": ""Abundant"", ""value"": ""0.0655 TLM""}, {""key"": ""Common"", ""value"": ""0.0990 TLM""}, {""key"": ""Epic"", ""value"": ""3.9996 TLM""}, {""key"": ""Legendary"", ""value"": ""10.4279 TLM""}, {""key"": ""Mythical"", ""value"": ""69.4418 TLM""}, {""key"": ""Rare"", ""value"": ""3.1150 TLM""}]",65
128,2025-08-22,"[{""key"": ""Abundant"", ""value"": ""0.0664 TLM""}, {""key"": ""Common"", ""value"": ""0.1026 TLM""}, {""key"": ""Epic"", ""value"": ""4.1029 TLM""}, {""key"": ""Legendary"", ""value"": ""9.7323 TLM""}, {""key"": ""Mythical"", ""value"": ""64.2620 TLM""}, {""key"": ""Rare"", ""value"": ""3.1776 TLM""}]",68
129,2025-08-23,"[{""key"": ""Abundant"", ""value"": ""0.0658 TLM""}, {""key"": ""Common"", ""value"": ""0.1061 TLM""}, {""key"": ""Epic"", ""value"": ""3.8607 TLM""}, {""key"": ""Legendary"", ""value"": ""10.0304 TLM""}, {""key"": ""Mythical"", ""value"": ""68.8346 TLM""}, {""key"": ""Rare"", ""value"": ""2.9020 TLM""}]",72
130,2025-08-24,"[{""key"": ""Abundant"", ""value"": ""0.0627 TLM""}, {""key"": ""Common"", ""value"": ""0.0953 TLM""}, {""key"": ""Epic"", ""value"": ""3.8526 TLM""}, {""key"": ""Legendary"", ""value"": ""10.4521 TLM""}, {""key"": ""Mythical"", ""value"": ""69.6177 TLM""}, {""key"": ""Rare"", ""value"": ""2.8168 TLM""}]",63
131,2025-08-25,"[{""key"": ""Abundant"", ""value"": ""0.0732 TLM""}, {""key"": ""Common"", ""value"": ""0.0927 TLM""}, {""key"": ""Epic"", ""value"": ""3.8844 TLM""}, {""key"": ""Legendary"", ""value"": ""10.6463 TLM""}, {""key"": ""Mythical"", ""value"": ""66.5622 TLM""}, {""key"": ""Rare"", ""value"": ""2.8544 TLM""}]",44
132,2025-08-26,"[{""key"": ""Abundant"", ""value"": ""0.0687 TLM""}, {""key"": ""Common"", ""value"": ""0.1084 TLM""}, {""key"": ""Epic"", ""value"": ""3.7158 TLM""}, {""key"": ""Legendary"", ""value"": ""10.0362 TLM""}, {""key"": ""Mythical"", ""value"": ""63.6307 TLM""}, {""key"": ""Rare"", ""value"": ""2.5739 TLM""}]",32
133,2025-08-27,"[{""key"": ""Abundant"", ""value"": ""0.0824 TLM""}, {""key"": ""Common"", ""value"": ""0.1097 TLM""}, {""key"": ""Epic"", ""value"": ""3.4983 TLM""}, {""key"": ""Legendary"", ""value"": ""9.9346 TLM""}, {""key"": ""Mythical"", ""value"": ""64.5959 TLM""}, {""key"": ""Rare"", ""value"": ""2.4632 TLM""}]",72
134,2025-08-28,"[{""key"": ""Abundant"", ""value"": ""0.0691 TLM""}, {""key"": ""Common"", ""value"": ""0.0969 TLM""}, {""key"": ""Epic"", ""value"": ""3.6350 TLM""}, {""key"": ""Legendary"", ""value"": ""9.9629 TLM""}, {""key"": ""Mythical"", ""value"": ""67.3925 TLM""}, {""key"": ""Rare"", ""value"": ""2.4566 TLM""}]",70
135,2025-08-29,"[{""key"": ""Abundant"", ""value"": ""0.0663 TLM""}, {""key"": ""Common"", ""value"": ""0.0865 TLM""}, {""key"": ""Epic"", ""value"": ""3.4648 TLM""}, {""key"": ""Legendary"", ""value"": ""10.8785 TLM""}, {""key"": ""Mythical"", ""value"": ""67.4761 TLM""}, {""key"": ""Rare"", ""value"": ""2.5289 TLM""}]",66
136,2025-08-30,"[{""key"": ""Abundant"", ""value"": ""0.0690 TLM""}, {""key"": ""Common"", ""value"": ""0.0977 TLM""}, {""key"": ""Epic"", ""value"": ""3.3164 TLM""}, {""key"": ""Legendary"", ""value"": ""10.5143 TLM""}, {""key"": ""Mythical"", ""value"": ""65.3358 TLM""}, {""key"": ""Rare"", ""value"": ""2.5006 TLM""}]",69
137,2025-08-31,"[{""key"": ""Abundant"", ""value"": ""0.0712 TLM""}, {""key"": ""Common"", ""value"": ""0.0876 TLM""}, {""key"": ""Epic"", ""value"": ""3.1752 TLM""}, {""key"": ""Legendary"", ""value"": ""10.7904 TLM""}, {""key"": ""Mythical"", ""value"": ""67.8809 TLM""}, {""key"": ""Rare"", ""value"": ""2.6379 TLM""}]",67
138,2025-09-01,"[{""key"": ""Abundant"", ""value"": ""0.0731 TLM""}, {""key"": ""Common"", ""value"": ""0.1030 TLM""}, {""key"": ""Epic"", ""value"": ""3.3563 TLM""}, {""key"": ""Legendary"", ""value"": ""10.4125 TLM""}, {""key"": ""Mythical"", ""value"": ""63.6803 TLM""}, {""key"": ""Rare"", ""value"": ""2.3105 TLM""}]",65
139,2025-09-02,"[{""key"": ""Abundant"", ""value"": ""0.0730 TLM""}, {""key"": ""Common"", ""value"": ""0.1059 TLM""}, {""key"": ""Epic"", ""value"": ""3.2426 TLM""}, {""key"": ""Legendary"", ""value"": ""10.3634 TLM""}, {""key"": ""Mythical"", ""value"": ""70.1219 TLM""}, {""key"": ""Rare"", ""value"": ""2.6221 TLM""}]",66
140,2025-09-03,"[{""key"": ""Abundant"", ""value"": ""0.0683 TLM""}, {""key"": ""Common"", ""value"": ""0.0946 TLM""}, {""key"": ""Epic"", ""value"": ""3.2153 TLM""}, {""key"": ""Legendary"", ""value"": ""9.9506 TLM""}, {""key"": ""Mythical"", ""value"": ""63.8033 TLM""}, {""key"": ""Rare"", ""value"": ""2.2108 TLM""}]",66
141,2025-09-04,"[{""key"": ""Abundant"", ""value"": ""0.0705 TLM""}, {""key"": ""Common"", ""value"": ""0.1018 TLM""}, {""key"": ""Epic"", ""value"": ""3.2546 TLM""}, {""key"": ""Legendary"", ""value"": ""10.2387 TLM""}, {""key"": ""Mythical"", ""value"": ""64.3173 TLM""}, {""key"": ""Rare"", ""value"": ""2.2489 TLM""}]",72
142,2025-09-05,"[{""key"": ""Abundant"", ""value"": ""0.0718 TLM""}, {""key"": ""Common"", ""value"": ""0.0995 TLM""}, {""key"": ""Epic"", ""value"": ""3.0626 TLM""}, {""key"": ""Legendary"", ""value"": ""10.2499 TLM""}, {""key"": ""Mythical"", ""value"": ""64.9988 TLM""}, {""key"": ""Rare"", ""value"": ""2.1182 TLM""}]",67
143,2025-09-06,"[{""key"": ""Abundant"", ""value"": ""0.0679 TLM""}, {""key"": ""Common"", ""value"": ""0.0932 TLM""}, {""key"": ""Epic"", ""value"": ""3.0027 TLM""}, {""key"": ""Legendary"", ""value"": ""9.2278 TLM""}, {""key"": ""Mythical"", ""value"": ""64.7650 TLM""}, {""key"": ""Rare"", ""value"": ""2.1821 TLM""}]",63
144,2025-09-07,"[{""key"": ""Abundant"", ""value"": ""0.0675 TLM""}, {""key"": ""Common"", ""value"": ""0.1061 TLM""}, {""key"": ""Epic"", ""value"": ""2.9960 TLM""}, {""key"": ""Legendary"", ""value"": ""9.2419 TLM""}, {""key"": ""Mythical"", ""value"": ""65.1959 TLM""}, {""key"": ""Rare"", ""value"": ""2.1692 TLM""}]",67
145,2025-09-08,"[{""key"": ""Abundant"", ""value"": ""0.0695 TLM""}, {""key"": ""Common"", ""value"": ""0.1030 TLM""}, {""key"": ""Epic"", ""value"": ""2.9362 TLM""}, {""key"": ""Legendary"", ""value"": ""9.1880 TLM""}, {""key"": ""Mythical"", ""value"": ""63.9363 TLM""}, {""key"": ""Rare"", ""value"": ""2.1392 TLM""}]",69
146,2025-09-09,"[{""key"": ""Abundant"", ""value"": ""0.0706 TLM""}, {""key"": ""Common"", ""value"": ""0.0963 TLM""}, {""key"": ""Epic"", ""value"": ""2.9529 TLM""}, {""key"": ""Legendary"", ""value"": ""9.0009 TLM""}, {""key"": ""Mythical"", ""value"": ""63.1005 TLM""}, {""key"": ""Rare"", ""value"": ""2.2703 TLM""}]",72
147,2025-09-10,"[{""key"": ""Abundant"", ""value"": ""0.0734 TLM""}, {""key"": ""Common"", ""value"": ""0.0997 TLM""}, {""key"": ""Epic"", ""value"": ""2.9198 TLM""}, {""key"": ""Legendary"", ""value"": ""9.3354 TLM""}, {""key"": ""Mythical"", ""value"": ""65.2912 TLM""}, {""key"": ""Rare"", ""value"": ""1.7970 TLM""}]",66
148,2025-09-11,"[{""key"": ""Abundant"", ""value"": ""0.0773 TLM""}, {""key"": ""Common"", ""value"": ""0.0995 TLM""}, {""key"": ""Epic"", ""value"": ""3.0854 TLM""}, {""key"": ""Legendary"", ""value"": ""9.4010 TLM""}, {""key"": ""Mythical"", ""value"": ""63.0363 TLM""}, {""key"": ""Rare"", ""value"": ""1.8919 TLM""}]",68
149,2025-09-12,"[{""key"": ""Abundant"", ""value"": ""0.0656 TLM""}, {""key"": ""Common"", ""value"": ""0.0947 TLM""}, {""key"": ""Epic"", ""value"": ""2.9327 TLM""}, {""key"": ""Legendary"", ""value"": ""9.6990 TLM""}, {""key"": ""Mythical"", ""value"": ""63.9996 TLM""}, {""key"": ""Rare"", ""value"": ""1.7662 TLM""}]",65
150,2025-09-13,"[{""key"": ""Abundant"", ""value"": ""0.0670 TLM""}, {""key"": ""Common"", ""value"": ""0.0894 TLM""}, {""key"": ""Epic"", ""value"": ""2.8851 TLM""}, {""key"": ""Legendary"", ""value"": ""9.4013 TLM""}, {""key"": ""Mythical"", ""value"": ""69.6162 TLM""}, {""key"": ""Rare"", ""value"": ""1.6960 TLM""}]",70
151,2025-09-14,"[{""key"": ""Abundant"", ""value"": ""0.0711 TLM""}, {""key"": ""Common"", ""value"": ""0.1039 TLM""}, {""key"": ""Epic"", ""value"": ""2.9636 TLM""}, {""key"": ""Legendary"", ""value"": ""9.4345 TLM""}, {""key"": ""Mythical"", ""value"": ""67.4751 TLM""}, {""key"": ""Rare"", ""value"": ""1.7388 TLM""}]",67
152,2025-09-15,"[{""key"": ""Abundant"", ""value"": ""0.0657 TLM""}, {""key"": ""Common"", ""value"": ""0.1070 TLM""}, {""key"": ""Epic"", ""value"": ""3.7861 TLM""}, {""key"": ""Legendary"", ""value"": ""10.2215 TLM""}, {""key"": ""Mythical"", ""value"": ""64.6306 TLM""}, {""key"": ""Rare"", ""value"": ""2.0920 TLM""}]",64
153,2025-09-16,"[{""key"": ""Abundant"", ""value"": ""0.0690 TLM""}, {""key"": ""Common"", ""value"": ""0.1015 TLM""}, {""key"": ""Epic"", ""value"": ""9.0621 TLM""}, {""key"": ""Legendary"", ""value"": ""16.1923 TLM""}, {""key"": ""Mythical"", ""value"": ""74.5992 TLM""}, {""key"": ""Rare"", ""value"": ""3.5755 TLM""}]",68
154,2025-09-17,"[{""key"": ""Abundant"", ""value"": ""0.0720 TLM""}, {""key"": ""Common"", ""value"": ""0.1054 TLM""}, {""key"": ""Epic"", ""value"": ""6.6610 TLM""}, {""key"": ""Legendary"", ""value"": ""15.4097 TLM""}, {""key"": ""Mythical"", ""value"": ""87.8159 TLM""}, {""key"": ""Rare"", ""value"": ""3.3743 TLM""}]",65
155,2025-09-18,"[{""key"": ""Abundant"", ""value"": ""0.0678 TLM""}, {""key"": ""Common"", ""value"": ""0.0924 TLM""}, {""key"": ""Epic"", ""value"": ""3.7002 TLM""}, {""key"": ""Legendary"", ""value"": ""11.3689 TLM""}, {""key"": ""Mythical"", ""value"": ""84.6926 TLM""}, {""key"": ""Rare"", ""value"": ""2.8960 TLM""}]",67
156,2025-09-19,"[{""key"": ""Abundant"", ""value"": ""0.0667 TLM""}, {""key"": ""Common"", ""value"": ""0.0954 TLM""}, {""key"": ""Epic"", ""value"": ""3.6425 TLM""}, {""key"": ""Legendary"", ""value"": ""10.0169 TLM""}, {""key"": ""Mythical"", ""value"": ""84.4562 TLM""}, {""key"": ""Rare"", ""value"": ""2.5761 TLM""}]",71
157,2025-09-20,"[{""key"": ""Abundant"", ""value"": ""0.0839 TLM""}, {""key"": ""Common"", ""value"": ""0.0908 TLM""}, {""key"": ""Epic"", ""value"": ""5.9367 TLM""}, {""key"": ""Legendary"", ""value"": ""10.0418 TLM""}, {""key"": ""Mythical"", ""value"": ""84.3473 TLM""}, {""key"": ""Rare"", ""value"": ""2.9990 TLM""}]",69
158,2025-09-21,"[{""key"": ""Abundant"", ""value"": ""0.0721 TLM""}, {""key"": ""Common"", ""value"": ""0.0912 TLM""}, {""key"": ""Epic"", ""value"": ""5.3426 TLM""}, {""key"": ""Legendary"", ""value"": ""9.6832 TLM""}, {""key"": ""Mythical"", ""value"": ""77.0119 TLM""}, {""key"": ""Rare"", ""value"": ""2.8575 TLM""}]",71
159,2025-09-22,"[{""key"": ""Abundant"", ""value"": ""0.0702 TLM""}, {""key"": ""Common"", ""value"": ""0.0932 TLM""}, {""key"": ""Epic"", ""value"": ""6.5115 TLM""}, {""key"": ""Legendary"", ""value"": ""11.2658 TLM""}, {""key"": ""Mythical"", ""value"": ""69.7427 TLM""}, {""key"": ""Rare"", ""value"": ""3.3156 TLM""}]",68
160,2025-09-23,"[{""key"": ""Abundant"", ""value"": ""0.0673 TLM""}, {""key"": ""Common"", ""value"": ""0.0930 TLM""}, {""key"": ""Epic"", ""value"": ""10.4662 TLM""}, {""key"": ""Legendary"", ""value"": ""15.0897 TLM""}, {""key"": ""Mythical"", ""value"": ""88.7710 TLM""}, {""key"": ""Rare"", ""value"": ""7.6707 TLM""}]",69
161,2025-09-24,"[{""key"": ""Abundant"", ""value"": ""0.0667 TLM""}, {""key"": ""Common"", ""value"": ""0.0953 TLM""}, {""key"": ""Epic"", ""value"": ""8.7237 TLM""}, {""key"": ""Legendary"", ""value"": ""15.4140 TLM""}, {""key"": ""Mythical"", ""value"": ""84.1268 TLM""}, {""key"": ""Rare"", ""value"": ""4.5069 TLM""}]",1
162,2025-09-25,"[{""key"": ""Abundant"", ""value"": ""0.0678 TLM""}, {""key"": ""Common"", ""value"": ""0.0965 TLM""}, {""key"": ""Epic"", ""value"": ""9.7023 TLM""}, {""key"": ""Legendary"", ""value"": ""14.0867 TLM""}, {""key"": ""Mythical"", ""value"": ""82.3226 TLM""}, {""key"": ""Rare"", ""value"": ""3.5403 TLM""}]",1
163,2025-09-26,"[{""key"": ""Abundant"", ""value"": ""0.0708 TLM""}, {""key"": ""Common"", ""value"": ""0.0919 TLM""}, {""key"": ""Epic"", ""value"": ""7.6416 TLM""}, {""key"": ""Legendary"", ""value"": ""12.7141 TLM""}, {""key"": ""Mythical"", ""value"": ""84.8223 TLM""}, {""key"": ""Rare"", ""value"": ""3.1463 TLM""}]",1
164,2025-09-27,"[{""key"": ""Abundant"", ""value"": ""0.0739 TLM""}, {""key"": ""Common"", ""value"": ""0.0933 TLM""}, {""key"": ""Epic"", ""value"": ""5.8267 TLM""}, {""key"": ""Legendary"", ""value"": ""12.1701 TLM""}, {""key"": ""Mythical"", ""value"": ""82.2200 TLM""}, {""key"": ""Rare"", ""value"": ""3.1682 TLM""}]",1
165,2025-09-28,"[{""key"": ""Abundant"", ""value"": ""0.0722 TLM""}, {""key"": ""Common"", ""value"": ""0.0991 TLM""}, {""key"": ""Epic"", ""value"": ""5.3678 TLM""}, {""key"": ""Legendary"", ""value"": ""11.0387 TLM""}, {""key"": ""Mythical"", ""value"": ""71.3374 TLM""}, {""key"": ""Rare"", ""value"": ""2.7510 TLM""}]",1
166,2025-09-29,"[{""key"": ""Abundant"", ""value"": ""0.0662 TLM""}, {""key"": ""Common"", ""value"": ""0.0931 TLM""}, {""key"": ""Epic"", ""value"": ""8.0008 TLM""}, {""key"": ""Legendary"", ""value"": ""13.0783 TLM""}, {""key"": ""Mythical"", ""value"": ""75.3855 TLM""}, {""key"": ""Rare"", ""value"": ""2.7697 TLM""}]",1
167,2025-09-30,"[{""key"": ""Abundant"", ""value"": ""0.0707 TLM""}, {""key"": ""Common"", ""value"": ""0.0913 TLM""}, {""key"": ""Epic"", ""value"": ""7.2831 TLM""}, {""key"": ""Legendary"", ""value"": ""13.1175 TLM""}, {""key"": ""Mythical"", ""value"": ""81.5309 TLM""}, {""key"": ""Rare"", ""value"": ""2.7464 TLM""}]",1
168,2025-10-01,"[{""key"": ""Abundant"", ""value"": ""0.0735 TLM""}, {""key"": ""Common"", ""value"": ""0.1027 TLM""}, {""key"": ""Epic"", ""value"": ""4.2985 TLM""}, {""key"": ""Legendary"", ""value"": ""12.6627 TLM""}, {""key"": ""Mythical"", ""value"": ""78.5498 TLM""}, {""key"": ""Rare"", ""value"": ""2.9767 TLM""}]",1
169,2025-10-02,"[{""key"": ""Abundant"", ""value"": ""0.0644 TLM""}, {""key"": ""Common"", ""value"": ""0.0916 TLM""}, {""key"": ""Epic"", ""value"": ""3.7796 TLM""}, {""key"": ""Legendary"", ""value"": ""10.1761 TLM""}, {""key"": ""Mythical"", ""value"": ""64.3314 TLM""}, {""key"": ""Rare"", ""value"": ""2.6571 TLM""}]",69
170,2025-10-03,"[{""key"": ""Abundant"", ""value"": ""0.0619 TLM""}, {""key"": ""Common"", ""value"": ""0.0976 TLM""}, {""key"": ""Epic"", ""value"": ""6.1200 TLM""}, {""key"": ""Legendary"", ""value"": ""11.9074 TLM""}, {""key"": ""Mythical"", ""value"": ""68.9843 TLM""}, {""key"": ""Rare"", ""value"": ""3.0077 TLM""}]",70
171,2025-10-04,"[{""key"": ""Abundant"", ""value"": ""0.0523 TLM""}, {""key"": ""Common"", ""value"": ""0.1035 TLM""}, {""key"": ""Epic"", ""value"": ""7.3967 TLM""}, {""key"": ""Legendary"", ""value"": ""10.8709 TLM""}, {""key"": ""Mythical"", ""value"": ""66.1685 TLM""}, {""key"": ""Rare"", ""value"": ""2.5065 TLM""}]",67
172,2025-10-05,"[{""key"": ""Abundant"", ""value"": ""0.0460 TLM""}, {""key"": ""Common"", ""value"": ""0.0846 TLM""}, {""key"": ""Epic"", ""value"": ""10.0285 TLM""}, {""key"": ""Legendary"", ""value"": ""14.2332 TLM""}, {""key"": ""Mythical"", ""value"": ""70.4084 TLM""}, {""key"": ""Rare"", ""value"": ""5.7489 TLM""}]",70
173,2025-10-06,"[{""key"": ""Abundant"", ""value"": ""0.0494 TLM""}, {""key"": ""Common"", ""value"": ""0.0928 TLM""}, {""key"": ""Epic"", ""value"": ""8.9619 TLM""}, {""key"": ""Legendary"", ""value"": ""17.7835 TLM""}, {""key"": ""Mythical"", ""value"": ""91.1108 TLM""}, {""key"": ""Rare"", ""value"": ""8.4463 TLM""}]",66
174,2025-10-07,"[{""key"": ""Abundant"", ""value"": ""0.0495 TLM""}, {""key"": ""Common"", ""value"": ""0.0943 TLM""}, {""key"": ""Epic"", ""value"": ""6.7801 TLM""}, {""key"": ""Legendary"", ""value"": ""18.2815 TLM""}, {""key"": ""Mythical"", ""value"": ""92.9604 TLM""}, {""key"": ""Rare"", ""value"": ""5.6936 TLM""}]",63
175,2025-10-08,"[{""key"": ""Abundant"", ""value"": ""0.0535 TLM""}, {""key"": ""Common"", ""value"": ""0.0986 TLM""}, {""key"": ""Epic"", ""value"": ""5.8368 TLM""}, {""key"": ""Legendary"", ""value"": ""19.9058 TLM""}, {""key"": ""Mythical"", ""value"": ""96.3369 TLM""}, {""key"": ""Rare"", ""value"": ""4.9505 TLM""}]",65
176,2025-10-09,"[{""key"": ""Abundant"", ""value"": ""0.0597 TLM""}, {""key"": ""Common"", ""value"": ""0.0915 TLM""}, {""key"": ""Epic"", ""value"": ""11.7488 TLM""}, {""key"": ""Legendary"", ""value"": ""23.0726 TLM""}, {""key"": ""Mythical"", ""value"": ""93.8410 TLM""}, {""key"": ""Rare"", ""value"": ""8.5727 TLM""}]",69
177,2025-10-10,"[{""key"": ""Abundant"", ""value"": ""0.0513 TLM""}, {""key"": ""Common"", ""value"": ""0.0948 TLM""}, {""key"": ""Epic"", ""value"": ""7.8745 TLM""}, {""key"": ""Legendary"", ""value"": ""23.8108 TLM""}, {""key"": ""Mythical"", ""value"": ""96.0251 TLM""}, {""key"": ""Rare"", ""value"": ""5.9150 TLM""}]",69
178,2025-10-11,"[{""key"": ""Abundant"", ""value"": ""0.0467 TLM""}, {""key"": ""Common"", ""value"": ""0.0848 TLM""}, {""key"": ""Epic"", ""value"": ""4.7800 TLM""}, {""key"": ""Legendary"", ""value"": ""17.5824 TLM""}, {""key"": ""Mythical"", ""value"": ""92.4618 TLM""}, {""key"": ""Rare"", ""value"": ""3.5664 TLM""}]",68
179,2025-10-12,"[{""key"": ""Abundant"", ""value"": ""0.0490 TLM""}, {""key"": ""Common"", ""value"": ""0.0771 TLM""}, {""key"": ""Epic"", ""value"": ""3.6121 TLM""}, {""key"": ""Legendary"", ""value"": ""17.0424 TLM""}, {""key"": ""Mythical"", ""value"": ""90.4770 TLM""}, {""key"": ""Rare"", ""value"": ""2.9712 TLM""}]",69
180,2025-10-13,"[{""key"": ""Abundant"", ""value"": ""0.0525 TLM""}, {""key"": ""Common"", ""value"": ""0.1000 TLM""}, {""key"": ""Epic"", ""value"": ""8.3921 TLM""}, {""key"": ""Legendary"", ""value"": ""15.9089 TLM""}, {""key"": ""Mythical"", ""value"": ""72.4538 TLM""}, {""key"": ""Rare"", ""value"": ""6.9729 TLM""}]",70
181,2025-10-14,"[{""key"": ""Abundant"", ""value"": ""0.0507 TLM""}, {""key"": ""Common"", ""value"": ""0.1012 TLM""}, {""key"": ""Epic"", ""value"": ""13.7325 TLM""}, {""key"": ""Legendary"", ""value"": ""21.6859 TLM""}, {""key"": ""Mythical"", ""value"": ""95.2746 TLM""}, {""key"": ""Rare"", ""value"": ""10.9622 TLM""}]",66
182,2025-10-15,"[{""key"": ""Abundant"", ""value"": ""0.0495 TLM""}, {""key"": ""Common"", ""value"": ""0.0983 TLM""}, {""key"": ""Epic"", ""value"": ""18.0421 TLM""}, {""key"": ""Legendary"", ""value"": ""20.7476 TLM""}, {""key"": ""Mythical"", ""value"": ""103.0716 TLM""}, {""key"": ""Rare"", ""value"": ""9.2736 TLM""}]",64
183,2025-10-16,"[{""key"": ""Abundant"", ""value"": ""0.0500 TLM""}, {""key"": ""Common"", ""value"": ""0.0890 TLM""}, {""key"": ""Epic"", ""value"": ""16.0569 TLM""}, {""key"": ""Legendary"", ""value"": ""29.2355 TLM""}, {""key"": ""Mythical"", ""value"": ""93.7997 TLM""}, {""key"": ""Rare"", ""value"": ""9.4626 TLM""}]",67
184,2025-10-17,"[{""key"": ""Abundant"", ""value"": ""0.0451 TLM""}, {""key"": ""Common"", ""value"": ""0.0783 TLM""}, {""key"": ""Epic"", ""value"": ""17.9901 TLM""}, {""key"": ""Legendary"", ""value"": ""24.6613 TLM""}, {""key"": ""Mythical"", ""value"": ""85.9056 TLM""}, {""key"": ""Rare"", ""value"": ""10.6259 TLM""}]",69
185,2025-10-18,"[{""key"": ""Abundant"", ""value"": ""0.0470 TLM""}, {""key"": ""Common"", ""value"": ""0.0753 TLM""}, {""key"": ""Epic"", ""value"": ""16.9543 TLM""}, {""key"": ""Legendary"", ""value"": ""24.0401 TLM""}, {""key"": ""Mythical"", ""value"": ""87.0433 TLM""}, {""key"": ""Rare"", ""value"": ""8.8738 TLM""}]",69
186,2025-10-19,"[{""key"": ""Abundant"", ""value"": ""0.0571 TLM""}, {""key"": ""Common"", ""value"": ""0.0846 TLM""}, {""key"": ""Epic"", ""value"": ""17.7576 TLM""}, {""key"": ""Legendary"", ""value"": ""25.7969 TLM""}, {""key"": ""Mythical"", ""value"": ""89.4359 TLM""}, {""key"": ""Rare"", ""value"": ""6.7402 TLM""}]",69
187,2025-10-20,"[{""key"": ""Abundant"", ""value"": ""0.0527 TLM""}, {""key"": ""Common"", ""value"": ""0.0747 TLM""}, {""key"": ""Epic"", ""value"": ""15.1669 TLM""}, {""key"": ""Legendary"", ""value"": ""26.2438 TLM""}, {""key"": ""Mythical"", ""value"": ""84.5170 TLM""}, {""key"": ""Rare"", ""value"": ""6.0441 TLM""}]",68
188,2025-10-21,"[{""key"": ""Abundant"", ""value"": ""0.0510 TLM""}, {""key"": ""Common"", ""value"": ""0.0692 TLM""}, {""key"": ""Epic"", ""value"": ""17.7924 TLM""}, {""key"": ""Legendary"", ""value"": ""22.1917 TLM""}, {""key"": ""Mythical"", ""value"": ""83.9207 TLM""}, {""key"": ""Rare"", ""value"": ""5.6330 TLM""}]",64
189,2025-10-22,"[{""key"": ""Abundant"", ""value"": ""0.0506 TLM""}, {""key"": ""Common"", ""value"": ""0.0716 TLM""}, {""key"": ""Epic"", ""value"": ""10.1689 TLM""}, {""key"": ""Legendary"", ""value"": ""19.3444 TLM""}, {""key"": ""Mythical"", ""value"": ""80.2533 TLM""}, {""key"": ""Rare"", ""value"": ""4.5442 TLM""}]",70
190,2025-10-23,"[{""key"": ""Abundant"", ""value"": ""0.0505 TLM""}, {""key"": ""Common"", ""value"": ""0.0750 TLM""}, {""key"": ""Epic"", ""value"": ""9.6573 TLM""}, {""key"": ""Legendary"", ""value"": ""16.6476 TLM""}, {""key"": ""Mythical"", ""value"": ""80.4084 TLM""}, {""key"": ""Rare"", ""value"": ""5.3940 TLM""}]",71
191,2025-10-24,"[{""key"": ""Abundant"", ""value"": ""0.0538 TLM""}, {""key"": ""Common"", ""value"": ""0.0685 TLM""}, {""key"": ""Epic"", ""value"": ""15.6006 TLM""}, {""key"": ""Legendary"", ""value"": ""23.8281 TLM""}, {""key"": ""Mythical"", ""value"": ""84.3073 TLM""}, {""key"": ""Rare"", ""value"": ""6.8873 TLM""}]",70
192,2025-10-25,"[{""key"": ""Abundant"", ""value"": ""0.0438 TLM""}, {""key"": ""Common"", ""value"": ""0.0703 TLM""}, {""key"": ""Epic"", ""value"": ""14.7438 TLM""}, {""key"": ""Legendary"", ""value"": ""24.1873 TLM""}, {""key"": ""Mythical"", ""value"": ""87.5539 TLM""}, {""key"": ""Rare"", ""value"": ""5.4735 TLM""}]",69
193,2025-10-26,"[{""key"": ""Abundant"", ""value"": ""0.0577 TLM""}, {""key"": ""Common"", ""value"": ""0.0685 TLM""}, {""key"": ""Epic"", ""value"": ""11.4028 TLM""}, {""key"": ""Legendary"", ""value"": ""22.5794 TLM""}, {""key"": ""Mythical"", ""value"": ""86.1727 TLM""}, {""key"": ""Rare"", ""value"": ""5.6033 TLM""}]",74
194,2025-10-27,"[{""key"": ""Abundant"", ""value"": ""0.0506 TLM""}, {""key"": ""Common"", ""value"": ""0.0769 TLM""}, {""key"": ""Epic"", ""value"": ""10.4206 TLM""}, {""key"": ""Legendary"", ""value"": ""21.8576 TLM""}, {""key"": ""Mythical"", ""value"": ""82.4628 TLM""}, {""key"": ""Rare"", ""value"": ""6.1086 TLM""}]",70
195,2025-10-28,"[{""key"": ""Abundant"", ""value"": ""0.0577 TLM""}, {""key"": ""Common"", ""value"": ""0.0841 TLM""}, {""key"": ""Epic"", ""value"": ""17.0739 TLM""}, {""key"": ""Legendary"", ""value"": ""23.1315 TLM""}, {""key"": ""Mythical"", ""value"": ""82.7222 TLM""}, {""key"": ""Rare"", ""value"": ""7.0162 TLM""}]",67
196,2025-10-29,"[{""key"": ""Abundant"", ""value"": ""0.0498 TLM""}, {""key"": ""Common"", ""value"": ""0.0772 TLM""}, {""key"": ""Epic"", ""value"": ""16.1589 TLM""}, {""key"": ""Legendary"", ""value"": ""20.7896 TLM""}, {""key"": ""Mythical"", ""value"": ""78.6382 TLM""}, {""key"": ""Rare"", ""value"": ""11.8353 TLM""}]",71
197,2025-10-30,"[{""key"": ""Abundant"", ""value"": ""0.0514 TLM""}, {""key"": ""Common"", ""value"": ""0.0723 TLM""}, {""key"": ""Epic"", ""value"": ""16.0250 TLM""}, {""key"": ""Legendary"", ""value"": ""23.3414 TLM""}, {""key"": ""Mythical"", ""value"": ""80.5799 TLM""}, {""key"": ""Rare"", ""value"": ""8.3742 TLM""}]",69
198,2025-10-31,"[{""key"": ""Abundant"", ""value"": ""0.0523 TLM""}, {""key"": ""Common"", ""value"": ""0.0777 TLM""}, {""key"": ""Epic"", ""value"": ""19.9996 TLM""}, {""key"": ""Legendary"", ""value"": ""25.2552 TLM""}, {""key"": ""Mythical"", ""value"": ""82.3595 TLM""}, {""key"": ""Rare"", ""value"": ""8.1163 TLM""}]",71
199,2025-11-01,"[{""key"": ""Abundant"", ""value"": ""0.0518 TLM""}, {""key"": ""Common"", ""value"": ""0.0671 TLM""}, {""key"": ""Epic"", ""value"": ""10.7948 TLM""}, {""key"": ""Legendary"", ""value"": ""21.8603 TLM""}, {""key"": ""Mythical"", ""value"": ""80.7961 TLM""}, {""key"": ""Rare"", ""value"": ""6.7122 TLM""}]",69
200,2025-11-02,"[{""key"": ""Abundant"", ""value"": ""0.0538 TLM""}, {""key"": ""Common"", ""value"": ""0.0783 TLM""}, {""key"": ""Epic"", ""value"": ""12.0011 TLM""}, {""key"": ""Legendary"", ""value"": ""22.2104 TLM""}, {""key"": ""Mythical"", ""value"": ""80.6123 TLM""}, {""key"": ""Rare"", ""value"": ""7.4519 TLM""}]",68
201,2025-11-03,"[{""key"": ""Abundant"", ""value"": ""0.0449 TLM""}, {""key"": ""Common"", ""value"": ""0.0658 TLM""}, {""key"": ""Epic"", ""value"": ""10.3251 TLM""}, {""key"": ""Legendary"", ""value"": ""18.0402 TLM""}, {""key"": ""Mythical"", ""value"": ""76.4917 TLM""}, {""key"": ""Rare"", ""value"": ""6.0030 TLM""}]",68
202,2025-11-04,"[{""key"": ""Abundant"", ""value"": ""0.0496 TLM""}, {""key"": ""Common"", ""value"": ""0.0712 TLM""}, {""key"": ""Epic"", ""value"": ""12.9522 TLM""}, {""key"": ""Legendary"", ""value"": ""20.0709 TLM""}, {""key"": ""Mythical"", ""value"": ""81.9421 TLM""}, {""key"": ""Rare"", ""value"": ""9.4326 TLM""}]",64
203,2025-11-05,"[{""key"": ""Abundant"", ""value"": ""0.0483 TLM""}, {""key"": ""Common"", ""value"": ""0.0716 TLM""}, {""key"": ""Epic"", ""value"": ""13.7298 TLM""}, {""key"": ""Legendary"", ""value"": ""17.8756 TLM""}, {""key"": ""Mythical"", ""value"": ""83.0138 TLM""}, {""key"": ""Rare"", ""value"": ""6.8930 TLM""}]",68
204,2025-11-06,"[{""key"": ""Abundant"", ""value"": ""0.0502 TLM""}, {""key"": ""Common"", ""value"": ""0.0670 TLM""}, {""key"": ""Epic"", ""value"": ""14.0996 TLM""}, {""key"": ""Legendary"", ""value"": ""18.6953 TLM""}, {""key"": ""Mythical"", ""value"": ""82.4279 TLM""}, {""key"": ""Rare"", ""value"": ""7.8024 TLM""}]",67
205,2025-11-07,"[{""key"": ""Abundant"", ""value"": ""0.0494 TLM""}, {""key"": ""Common"", ""value"": ""0.0737 TLM""}, {""key"": ""Epic"", ""value"": ""12.2934 TLM""}, {""key"": ""Legendary"", ""value"": ""18.6355 TLM""}, {""key"": ""Mythical"", ""value"": ""80.7978 TLM""}, {""key"": ""Rare"", ""value"": ""7.2963 TLM""}]",67
206,2025-11-08,"[{""key"": ""Abundant"", ""value"": ""0.0540 TLM""}, {""key"": ""Common"", ""value"": ""0.0685 TLM""}, {""key"": ""Epic"", ""value"": ""10.8428 TLM""}, {""key"": ""Legendary"", ""value"": ""16.7232 TLM""}, {""key"": ""Mythical"", ""value"": ""78.9054 TLM""}, {""key"": ""Rare"", ""value"": ""6.1948 TLM""}]",67
207,2025-11-09,"[{""key"": ""Abundant"", ""value"": ""0.0449 TLM""}, {""key"": ""Common"", ""value"": ""0.0650 TLM""}, {""key"": ""Epic"", ""value"": ""10.0411 TLM""}, {""key"": ""Legendary"", ""value"": ""14.4174 TLM""}, {""key"": ""Mythical"", ""value"": ""81.2826 TLM""}, {""key"": ""Rare"", ""value"": ""6.0813 TLM""}]",68
208,2025-11-10,"[{""key"": ""Abundant"", ""value"": ""0.0509 TLM""}, {""key"": ""Common"", ""value"": ""0.0809 TLM""}, {""key"": ""Epic"", ""value"": ""17.0939 TLM""}, {""key"": ""Legendary"", ""value"": ""18.2227 TLM""}, {""key"": ""Mythical"", ""value"": ""82.1962 TLM""}, {""key"": ""Rare"", ""value"": ""6.7111 TLM""}]",70
209,2025-11-11,"[{""key"": ""Abundant"", ""value"": ""0.0508 TLM""}, {""key"": ""Common"", ""value"": ""0.0764 TLM""}, {""key"": ""Epic"", ""value"": ""14.7702 TLM""}, {""key"": ""Legendary"", ""value"": ""21.3818 TLM""}, {""key"": ""Mythical"", ""value"": ""86.6407 TLM""}, {""key"": ""Rare"", ""value"": ""5.8887 TLM""}]",68
210,2025-11-12,"[{""key"": ""Abundant"", ""value"": ""0.0533 TLM""}, {""key"": ""Common"", ""value"": ""0.0899 TLM""}, {""key"": ""Epic"", ""value"": ""13.6665 TLM""}, {""key"": ""Legendary"", ""value"": ""22.2588 TLM""}, {""key"": ""Mythical"", ""value"": ""82.8781 TLM""}, {""key"": ""Rare"", ""value"": ""5.5005 TLM""}]",73
211,2025-11-13,"[{""key"": ""Abundant"", ""value"": ""0.0476 TLM""}, {""key"": ""Common"", ""value"": ""0.1198 TLM""}, {""key"": ""Epic"", ""value"": ""13.8239 TLM""}, {""key"": ""Legendary"", ""value"": ""20.3493 TLM""}, {""key"": ""Mythical"", ""value"": ""77.4127 TLM""}, {""key"": ""Rare"", ""value"": ""5.3095 TLM""}]",69
212,2025-11-14,"[{""key"": ""Abundant"", ""value"": ""0.0453 TLM""}, {""key"": ""Common"", ""value"": ""0.0912 TLM""}, {""key"": ""Epic"", ""value"": ""15.1060 TLM""}, {""key"": ""Legendary"", ""value"": ""20.5353 TLM""}, {""key"": ""Mythical"", ""value"": ""80.5116 TLM""}, {""key"": ""Rare"", ""value"": ""4.9100 TLM""}]",71
213,2025-11-15,"[{""key"": ""Abundant"", ""value"": ""0.0449 TLM""}, {""key"": ""Common"", ""value"": ""0.0842 TLM""}, {""key"": ""Epic"", ""value"": ""13.2468 TLM""}, {""key"": ""Legendary"", ""value"": ""19.4261 TLM""}, {""key"": ""Mythical"", ""value"": ""75.8091 TLM""}, {""key"": ""Rare"", ""value"": ""6.2304 TLM""}]",71
214,2025-11-16,"[{""key"": ""Abundant"", ""value"": ""0.0528 TLM""}, {""key"": ""Common"", ""value"": ""0.0937 TLM""}, {""key"": ""Epic"", ""value"": ""17.4506 TLM""}, {""key"": ""Legendary"", ""value"": ""20.7384 TLM""}, {""key"": ""Mythical"", ""value"": ""71.2516 TLM""}, {""key"": ""Rare"", ""value"": ""7.0361 TLM""}]",71
215,2025-11-17,"[{""key"": ""Abundant"", ""value"": ""0.0501 TLM""}, {""key"": ""Common"", ""value"": ""0.0798 TLM""}, {""key"": ""Epic"", ""value"": ""12.5169 TLM""}, {""key"": ""Legendary"", ""value"": ""25.0030 TLM""}, {""key"": ""Mythical"", ""value"": ""74.6936 TLM""}, {""key"": ""Rare"", ""value"": ""8.6255 TLM""}]",69
216,2025-11-18,"[{""key"": ""Abundant"", ""value"": ""0.0528 TLM""}, {""key"": ""Common"", ""value"": ""0.0808 TLM""}, {""key"": ""Epic"", ""value"": ""4.8338 TLM""}, {""key"": ""Legendary"", ""value"": ""15.8215 TLM""}, {""key"": ""Mythical"", ""value"": ""76.7397 TLM""}, {""key"": ""Rare"", ""value"": ""5.3733 TLM""}]",64
217,2025-11-19,"[{""key"": ""Abundant"", ""value"": ""0.0467 TLM""}, {""key"": ""Common"", ""value"": ""0.0849 TLM""}, {""key"": ""Epic"", ""value"": ""9.2892 TLM""}, {""key"": ""Legendary"", ""value"": ""18.0249 TLM""}, {""key"": ""Mythical"", ""value"": ""66.5007 TLM""}, {""key"": ""Rare"", ""value"": ""5.5564 TLM""}]",67
218,2025-11-20,"[{""key"": ""Abundant"", ""value"": ""0.0497 TLM""}, {""key"": ""Common"", ""value"": ""0.0834 TLM""}, {""key"": ""Epic"", ""value"": ""15.2989 TLM""}, {""key"": ""Legendary"", ""value"": ""25.8847 TLM""}, {""key"": ""Mythical"", ""value"": ""79.3254 TLM""}, {""key"": ""Rare"", ""value"": ""7.2749 TLM""}]",70
219,2025-11-21,"[{""key"": ""Abundant"", ""value"": ""0.0559 TLM""}, {""key"": ""Common"", ""value"": ""0.0997 TLM""}, {""key"": ""Epic"", ""value"": ""14.8910 TLM""}, {""key"": ""Legendary"", ""value"": ""25.6885 TLM""}, {""key"": ""Mythical"", ""value"": ""80.4453 TLM""}, {""key"": ""Rare"", ""value"": ""9.3046 TLM""}]",64
220,2025-11-22,"[{""key"": ""Abundant"", ""value"": ""0.0486 TLM""}, {""key"": ""Common"", ""value"": ""0.0995 TLM""}, {""key"": ""Epic"", ""value"": ""14.2725 TLM""}, {""key"": ""Legendary"", ""value"": ""26.9191 TLM""}, {""key"": ""Mythical"", ""value"": ""83.2467 TLM""}, {""key"": ""Rare"", ""value"": ""6.2466 TLM""}]",69
221,2025-11-23,"[{""key"": ""Abundant"", ""value"": ""0.0506 TLM""}, {""key"": ""Common"", ""value"": ""0.1117 TLM""}, {""key"": ""Epic"", ""value"": ""14.5973 TLM""}, {""key"": ""Legendary"", ""value"": ""26.7241 TLM""}, {""key"": ""Mythical"", ""value"": ""85.5138 TLM""}, {""key"": ""Rare"", ""value"": ""6.9566 TLM""}]",69
222,2025-11-24,"[{""key"": ""Abundant"", ""value"": ""0.0432 TLM""}, {""key"": ""Common"", ""value"": ""0.0928 TLM""}, {""key"": ""Epic"", ""value"": ""13.3111 TLM""}, {""key"": ""Legendary"", ""value"": ""25.1358 TLM""}, {""key"": ""Mythical"", ""value"": ""79.5520 TLM""}, {""key"": ""Rare"", ""value"": ""6.7741 TLM""}]",67
223,2025-11-25,"[{""key"": ""Abundant"", ""value"": ""0.0397 TLM""}, {""key"": ""Common"", ""value"": ""0.0908 TLM""}, {""key"": ""Epic"", ""value"": ""4.7764 TLM""}, {""key"": ""Legendary"", ""value"": ""15.0987 TLM""}, {""key"": ""Mythical"", ""value"": ""67.8517 TLM""}, {""key"": ""Rare"", ""value"": ""6.2670 TLM""}]",71
224,2025-11-26,"[{""key"": ""Abundant"", ""value"": ""0.0436 TLM""}, {""key"": ""Common"", ""value"": ""0.0960 TLM""}, {""key"": ""Epic"", ""value"": ""8.5046 TLM""}, {""key"": ""Legendary"", ""value"": ""19.2080 TLM""}, {""key"": ""Mythical"", ""value"": ""71.4028 TLM""}, {""key"": ""Rare"", ""value"": ""5.7893 TLM""}]",70
225,2025-11-27,"[{""key"": ""Abundant"", ""value"": ""0.0448 TLM""}, {""key"": ""Common"", ""value"": ""0.1112 TLM""}, {""key"": ""Epic"", ""value"": ""11.8762 TLM""}, {""key"": ""Legendary"", ""value"": ""26.4474 TLM""}, {""key"": ""Mythical"", ""value"": ""90.2761 TLM""}, {""key"": ""Rare"", ""value"": ""6.3839 TLM""}]",68
226,2025-11-28,"[{""key"": ""Abundant"", ""value"": ""0.0444 TLM""}, {""key"": ""Common"", ""value"": ""0.1472 TLM""}, {""key"": ""Epic"", ""value"": ""14.9584 TLM""}, {""key"": ""Legendary"", ""value"": ""26.4107 TLM""}, {""key"": ""Mythical"", ""value"": ""86.2745 TLM""}, {""key"": ""Rare"", ""value"": ""8.6866 TLM""}]",68
227,2025-11-29,"[{""key"": ""Abundant"", ""value"": ""0.0430 TLM""}, {""key"": ""Common"", ""value"": ""0.1685 TLM""}, {""key"": ""Epic"", ""value"": ""17.1656 TLM""}, {""key"": ""Legendary"", ""value"": ""27.1607 TLM""}, {""key"": ""Mythical"", ""value"": ""89.3253 TLM""}, {""key"": ""Rare"", ""value"": ""15.1285 TLM""}]",64
228,2025-11-30,"[{""key"": ""Abundant"", ""value"": ""0.0394 TLM""}, {""key"": ""Common"", ""value"": ""0.1268 TLM""}, {""key"": ""Epic"", ""value"": ""19.1723 TLM""}, {""key"": ""Legendary"", ""value"": ""24.5294 TLM""}, {""key"": ""Mythical"", ""value"": ""90.2862 TLM""}, {""key"": ""Rare"", ""value"": ""14.9280 TLM""}]",71
229,2025-12-01,"[{""key"": ""Abundant"", ""value"": ""0.0440 TLM""}, {""key"": ""Common"", ""value"": ""0.1426 TLM""}, {""key"": ""Epic"", ""value"": ""19.6054 TLM""}, {""key"": ""Legendary"", ""value"": ""22.8330 TLM""}, {""key"": ""Mythical"", ""value"": ""77.2085 TLM""}, {""key"": ""Rare"", ""value"": ""18.0219 TLM""}]",67
230,2025-12-02,"[{""key"": ""Abundant"", ""value"": ""0.0373 TLM""}, {""key"": ""Common"", ""value"": ""0.1943 TLM""}, {""key"": ""Epic"", ""value"": ""16.2250 TLM""}, {""key"": ""Legendary"", ""value"": ""22.7019 TLM""}, {""key"": ""Mythical"", ""value"": ""83.1729 TLM""}, {""key"": ""Rare"", ""value"": ""12.5901 TLM""}]",73
231,2025-12-03,"[{""key"": ""Abundant"", ""value"": ""0.0372 TLM""}, {""key"": ""Common"", ""value"": ""0.1943 TLM""}, {""key"": ""Epic"", ""value"": ""15.2534 TLM""}, {""key"": ""Legendary"", ""value"": ""21.7195 TLM""}, {""key"": ""Mythical"", ""value"": ""83.9681 TLM""}, {""key"": ""Rare"", ""value"": ""8.1559 TLM""}]",76
232,2025-12-04,"[{""key"": ""Abundant"", ""value"": ""0.0347 TLM""}, {""key"": ""Common"", ""value"": ""0.1661 TLM""}, {""key"": ""Epic"", ""value"": ""15.2646 TLM""}, {""key"": ""Legendary"", ""value"": ""22.6445 TLM""}, {""key"": ""Mythical"", ""value"": ""82.7618 TLM""}, {""key"": ""Rare"", ""value"": ""8.6350 TLM""}]",67
233,2025-12-05,"[{""key"": ""Abundant"", ""value"": ""0.0370 TLM""}, {""key"": ""Common"", ""value"": ""0.1947 TLM""}, {""key"": ""Epic"", ""value"": ""15.2978 TLM""}, {""key"": ""Legendary"", ""value"": ""24.9460 TLM""}, {""key"": ""Mythical"", ""value"": ""83.4187 TLM""}, {""key"": ""Rare"", ""value"": ""11.2138 TLM""}]",70
234,2025-12-06,"[{""key"": ""Abundant"", ""value"": ""0.0366 TLM""}, {""key"": ""Common"", ""value"": ""0.1878 TLM""}, {""key"": ""Epic"", ""value"": ""18.2794 TLM""}, {""key"": ""Legendary"", ""value"": ""22.8138 TLM""}, {""key"": ""Mythical"", ""value"": ""87.7806 TLM""}, {""key"": ""Rare"", ""value"": ""8.9837 TLM""}]",65
235,2025-12-07,"[{""key"": ""Abundant"", ""value"": ""0.0362 TLM""}, {""key"": ""Common"", ""value"": ""0.1654 TLM""}, {""key"": ""Epic"", ""value"": ""15.1583 TLM""}, {""key"": ""Legendary"", ""value"": ""23.0946 TLM""}, {""key"": ""Mythical"", ""value"": ""92.3273 TLM""}, {""key"": ""Rare"", ""value"": ""7.9925 TLM""}]",71
236,2025-12-08,"[{""key"": ""Abundant"", ""value"": ""0.0473 TLM""}, {""key"": ""Common"", ""value"": ""0.1697 TLM""}, {""key"": ""Epic"", ""value"": ""13.2869 TLM""}, {""key"": ""Legendary"", ""value"": ""23.3851 TLM""}, {""key"": ""Mythical"", ""value"": ""83.0097 TLM""}, {""key"": ""Rare"", ""value"": ""7.3336 TLM""}]",69
237,2025-12-09,"[{""key"": ""Abundant"", ""value"": ""0.0368 TLM""}, {""key"": ""Common"", ""value"": ""0.1300 TLM""}, {""key"": ""Epic"", ""value"": ""14.7697 TLM""}, {""key"": ""Legendary"", ""value"": ""27.7503 TLM""}, {""key"": ""Mythical"", ""value"": ""89.5951 TLM""}, {""key"": ""Rare"", ""value"": ""7.5110 TLM""}]",72
238,2025-12-10,"[{""key"": ""Abundant"", ""value"": ""0.0380 TLM""}, {""key"": ""Common"", ""value"": ""0.1658 TLM""}, {""key"": ""Epic"", ""value"": ""16.0029 TLM""}, {""key"": ""Legendary"", ""value"": ""29.2030 TLM""}, {""key"": ""Mythical"", ""value"": ""88.7272 TLM""}, {""key"": ""Rare"", ""value"": ""9.3383 TLM""}]",66
239,2025-12-11,"[{""key"": ""Abundant"", ""value"": ""0.0351 TLM""}, {""key"": ""Common"", ""value"": ""0.1383 TLM""}, {""key"": ""Epic"", ""value"": ""17.1734 TLM""}, {""key"": ""Legendary"", ""value"": ""32.6286 TLM""}, {""key"": ""Mythical"", ""value"": ""93.4808 TLM""}, {""key"": ""Rare"", ""value"": ""8.5628 TLM""}]",71
240,2025-12-12,"[{""key"": ""Abundant"", ""value"": ""0.0416 TLM""}, {""key"": ""Common"", ""value"": ""0.1464 TLM""}, {""key"": ""Epic"", ""value"": ""15.7160 TLM""}, {""key"": ""Legendary"", ""value"": ""30.1201 TLM""}, {""key"": ""Mythical"", ""value"": ""93.6594 TLM""}, {""key"": ""Rare"", ""value"": ""8.0800 TLM""}]",70
241,2025-12-13,"[{""key"": ""Abundant"", ""value"": ""0.0395 TLM""}, {""key"": ""Common"", ""value"": ""0.1424 TLM""}, {""key"": ""Epic"", ""value"": ""15.3165 TLM""}, {""key"": ""Legendary"", ""value"": ""28.2324 TLM""}, {""key"": ""Mythical"", ""value"": ""99.5902 TLM""}, {""key"": ""Rare"", ""value"": ""7.3381 TLM""}]",71
242,2025-12-14,"[{""key"": ""Abundant"", ""value"": ""0.0374 TLM""}, {""key"": ""Common"", ""value"": ""0.1329 TLM""}, {""key"": ""Epic"", ""value"": ""12.8395 TLM""}, {""key"": ""Legendary"", ""value"": ""26.5822 TLM""}, {""key"": ""Mythical"", ""value"": ""88.2170 TLM""}, {""key"": ""Rare"", ""value"": ""7.3497 TLM""}]",72
243,2025-12-15,"[{""key"": ""Abundant"", ""value"": ""0.0369 TLM""}, {""key"": ""Common"", ""value"": ""0.1120 TLM""}, {""key"": ""Epic"", ""value"": ""12.1335 TLM""}, {""key"": ""Legendary"", ""value"": ""23.3544 TLM""}, {""key"": ""Mythical"", ""value"": ""86.6601 TLM""}, {""key"": ""Rare"", ""value"": ""7.0334 TLM""}]",64
244,2025-12-16,"[{""key"": ""Abundant"", ""value"": ""0.0365 TLM""}, {""key"": ""Common"", ""value"": ""0.1245 TLM""}, {""key"": ""Epic"", ""value"": ""14.0595 TLM""}, {""key"": ""Legendary"", ""value"": ""26.2595 TLM""}, {""key"": ""Mythical"", ""value"": ""94.4001 TLM""}, {""key"": ""Rare"", ""value"": ""6.8709 TLM""}]",72
245,2025-12-17,"[{""key"": ""Abundant"", ""value"": ""0.0370 TLM""}, {""key"": ""Common"", ""value"": ""0.1214 TLM""}, {""key"": ""Epic"", ""value"": ""14.4651 TLM""}, {""key"": ""Legendary"", ""value"": ""26.5903 TLM""}, {""key"": ""Mythical"", ""value"": ""91.6419 TLM""}, {""key"": ""Rare"", ""value"": ""6.8368 TLM""}]",70
246,2025-12-18,"[{""key"": ""Abundant"", ""value"": ""0.0414 TLM""}, {""key"": ""Common"", ""value"": ""0.1131 TLM""}, {""key"": ""Epic"", ""value"": ""5.2564 TLM""}, {""key"": ""Legendary"", ""value"": ""17.9421 TLM""}, {""key"": ""Mythical"", ""value"": ""89.2544 TLM""}, {""key"": ""Rare"", ""value"": ""6.5748 TLM""}]",66
247,2025-12-19,"[{""key"": ""Abundant"", ""value"": ""0.0369 TLM""}, {""key"": ""Common"", ""value"": ""0.0976 TLM""}, {""key"": ""Epic"", ""value"": ""4.3392 TLM""}, {""key"": ""Legendary"", ""value"": ""16.1887 TLM""}, {""key"": ""Mythical"", ""value"": ""87.7234 TLM""}, {""key"": ""Rare"", ""value"": ""5.5942 TLM""}]",70
248,2025-12-20,"[{""key"": ""Abundant"", ""value"": ""0.0428 TLM""}, {""key"": ""Common"", ""value"": ""0.0923 TLM""}, {""key"": ""Epic"", ""value"": ""8.8284 TLM""}, {""key"": ""Legendary"", ""value"": ""20.9617 TLM""}, {""key"": ""Mythical"", ""value"": ""92.1200 TLM""}, {""key"": ""Rare"", ""value"": ""8.4563 TLM""}]",66
249,2025-12-21,"[{""key"": ""Abundant"", ""value"": ""0.0435 TLM""}, {""key"": ""Common"", ""value"": ""0.0979 TLM""}, {""key"": ""Epic"", ""value"": ""9.8541 TLM""}, {""key"": ""Legendary"", ""value"": ""21.8114 TLM""}, {""key"": ""Mythical"", ""value"": ""90.4225 TLM""}, {""key"": ""Rare"", ""value"": ""9.6407 TLM""}]",70
250,2025-12-22,"[{""key"": ""Abundant"", ""value"": ""0.0489 TLM""}, {""key"": ""Common"", ""value"": ""0.0934 TLM""}, {""key"": ""Epic"", ""value"": ""13.2700 TLM""}, {""key"": ""Legendary"", ""value"": ""19.2538 TLM""}, {""key"": ""Mythical"", ""value"": ""90.1743 TLM""}, {""key"": ""Rare"", ""value"": ""8.8107 TLM""}]",68
251,2025-12-23,"[{""key"": ""Abundant"", ""value"": ""0.0443 TLM""}, {""key"": ""Common"", ""value"": ""0.0934 TLM""}, {""key"": ""Epic"", ""value"": ""9.6362 TLM""}, {""key"": ""Legendary"", ""value"": ""18.8096 TLM""}, {""key"": ""Mythical"", ""value"": ""91.7415 TLM""}, {""key"": ""Rare"", ""value"": ""8.1343 TLM""}]",70
252,2025-12-24,"[{""key"": ""Abundant"", ""value"": ""0.0483 TLM""}, {""key"": ""Common"", ""value"": ""0.0982 TLM""}, {""key"": ""Epic"", ""value"": ""9.7148 TLM""}, {""key"": ""Legendary"", ""value"": ""18.7507 TLM""}, {""key"": ""Mythical"", ""value"": ""92.1590 TLM""}, {""key"": ""Rare"", ""value"": ""9.3247 TLM""}]",65
253,2025-12-25,"[{""key"": ""Abundant"", ""value"": ""0.0472 TLM""}, {""key"": ""Common"", ""value"": ""0.0827 TLM""}, {""key"": ""Epic"", ""value"": ""12.8180 TLM""}, {""key"": ""Legendary"", ""value"": ""18.8094 TLM""}, {""key"": ""Mythical"", ""value"": ""93.5342 TLM""}, {""key"": ""Rare"", ""value"": ""9.6787 TLM""}]",72
254,2025-12-26,"[{""key"": ""Abundant"", ""value"": ""0.0489 TLM""}, {""key"": ""Common"", ""value"": ""0.0869 TLM""}, {""key"": ""Epic"", ""value"": ""11.3874 TLM""}, {""key"": ""Legendary"", ""value"": ""17.7742 TLM""}, {""key"": ""Mythical"", ""value"": ""90.5614 TLM""}, {""key"": ""Rare"", ""value"": ""9.6034 TLM""}]",72
255,2025-12-27,"[{""key"": ""Abundant"", ""value"": ""0.0477 TLM""}, {""key"": ""Common"", ""value"": ""0.0749 TLM""}, {""key"": ""Epic"", ""value"": ""10.3520 TLM""}, {""key"": ""Legendary"", ""value"": ""18.4896 TLM""}, {""key"": ""Mythical"", ""value"": ""90.2470 TLM""}, {""key"": ""Rare"", ""value"": ""7.5597 TLM""}]",67
256,2025-12-28,"[{""key"": ""Abundant"", ""value"": ""0.0420 TLM""}, {""key"": ""Common"", ""value"": ""0.0853 TLM""}, {""key"": ""Epic"", ""value"": ""15.4831 TLM""}, {""key"": ""Legendary"", ""value"": ""19.2083 TLM""}, {""key"": ""Mythical"", ""value"": ""84.7810 TLM""}, {""key"": ""Rare"", ""value"": ""7.1650 TLM""}]",68
257,2025-12-29,"[{""key"": ""Abundant"", ""value"": ""0.0418 TLM""}, {""key"": ""Common"", ""value"": ""0.0788 TLM""}, {""key"": ""Epic"", ""value"": ""15.8331 TLM""}, {""key"": ""Legendary"", ""value"": ""17.4789 TLM""}, {""key"": ""Mythical"", ""value"": ""79.1201 TLM""}, {""key"": ""Rare"", ""value"": ""7.1750 TLM""}]",69
258,2025-12-30,"[{""key"": ""Abundant"", ""value"": ""0.0466 TLM""}, {""key"": ""Common"", ""value"": ""0.0939 TLM""}, {""key"": ""Epic"", ""value"": ""14.1992 TLM""}, {""key"": ""Legendary"", ""value"": ""18.2632 TLM""}, {""key"": ""Mythical"", ""value"": ""83.0769 TLM""}, {""key"": ""Rare"", ""value"": ""7.1086 TLM""}]",72
259,2025-12-31,"[{""key"": ""Abundant"", ""value"": ""0.0446 TLM""}, {""key"": ""Common"", ""value"": ""0.0783 TLM""}, {""key"": ""Epic"", ""value"": ""14.7997 TLM""}, {""key"": ""Legendary"", ""value"": ""18.0150 TLM""}, {""key"": ""Mythical"", ""value"": ""83.8076 TLM""}, {""key"": ""Rare"", ""value"": ""6.9491 TLM""}]",66
260,2026-01-01,"[{""key"": ""Abundant"", ""value"": ""0.0547 TLM""}, {""key"": ""Common"", ""value"": ""0.0920 TLM""}, {""key"": ""Epic"", ""value"": ""14.6489 TLM""}, {""key"": ""Legendary"", ""value"": ""18.5430 TLM""}, {""key"": ""Mythical"", ""value"": ""89.5881 TLM""}, {""key"": ""Rare"", ""value"": ""8.3012 TLM""}]",68
261,2026-01-02,"[{""key"": ""Abundant"", ""value"": ""0.0503 TLM""}, {""key"": ""Common"", ""value"": ""0.0886 TLM""}, {""key"": ""Epic"", ""value"": ""11.8158 TLM""}, {""key"": ""Legendary"", ""value"": ""18.3130 TLM""}, {""key"": ""Mythical"", ""value"": ""83.5075 TLM""}, {""key"": ""Rare"", ""value"": ""6.7389 TLM""}]",69
262,2026-01-03,"[{""key"": ""Abundant"", ""value"": ""0.0465 TLM""}, {""key"": ""Common"", ""value"": ""0.0838 TLM""}, {""key"": ""Epic"", ""value"": ""13.2770 TLM""}, {""key"": ""Legendary"", ""value"": ""18.6612 TLM""}, {""key"": ""Mythical"", ""value"": ""85.3248 TLM""}, {""key"": ""Rare"", ""value"": ""6.8734 TLM""}]",68
263,2026-01-04,"[{""key"": ""Abundant"", ""value"": ""0.0548 TLM""}, {""key"": ""Common"", ""value"": ""0.0715 TLM""}, {""key"": ""Epic"", ""value"": ""13.4562 TLM""}, {""key"": ""Legendary"", ""value"": ""20.0370 TLM""}, {""key"": ""Mythical"", ""value"": ""82.1560 TLM""}, {""key"": ""Rare"", ""value"": ""6.7988 TLM""}]",72
264,2026-01-05,"[{""key"": ""Abundant"", ""value"": ""0.0476 TLM""}, {""key"": ""Common"", ""value"": ""0.0890 TLM""}, {""key"": ""Epic"", ""value"": ""12.8816 TLM""}, {""key"": ""Legendary"", ""value"": ""19.0998 TLM""}, {""key"": ""Mythical"", ""value"": ""75.7570 TLM""}, {""key"": ""Rare"", ""value"": ""6.8331 TLM""}]",70
265,2026-01-06,"[{""key"": ""Abundant"", ""value"": ""0.0488 TLM""}, {""key"": ""Common"", ""value"": ""0.0735 TLM""}, {""key"": ""Epic"", ""value"": ""12.4888 TLM""}, {""key"": ""Legendary"", ""value"": ""17.9123 TLM""}, {""key"": ""Mythical"", ""value"": ""81.7812 TLM""}, {""key"": ""Rare"", ""value"": ""7.0284 TLM""}]",66
266,2026-01-07,"[{""key"": ""Abundant"", ""value"": ""0.0657 TLM""}, {""key"": ""Common"", ""value"": ""0.0887 TLM""}, {""key"": ""Epic"", ""value"": ""12.3477 TLM""}, {""key"": ""Legendary"", ""value"": ""21.1642 TLM""}, {""key"": ""Mythical"", ""value"": ""83.4409 TLM""}, {""key"": ""Rare"", ""value"": ""6.9587 TLM""}]",65
267,2026-01-08,"[{""key"": ""Abundant"", ""value"": ""0.0623 TLM""}, {""key"": ""Common"", ""value"": ""0.0703 TLM""}, {""key"": ""Epic"", ""value"": ""13.7923 TLM""}, {""key"": ""Legendary"", ""value"": ""19.9820 TLM""}, {""key"": ""Mythical"", ""value"": ""81.8951 TLM""}, {""key"": ""Rare"", ""value"": ""6.9427 TLM""}]",68
268,2026-01-09,"[{""key"": ""Abundant"", ""value"": ""0.0631 TLM""}, {""key"": ""Common"", ""value"": ""0.0855 TLM""}, {""key"": ""Epic"", ""value"": ""13.3028 TLM""}, {""key"": ""Legendary"", ""value"": ""20.0262 TLM""}, {""key"": ""Mythical"", ""value"": ""80.7851 TLM""}, {""key"": ""Rare"", ""value"": ""7.0967 TLM""}]",69
269,2026-01-10,"[{""key"": ""Abundant"", ""value"": ""0.0622 TLM""}, {""key"": ""Common"", ""value"": ""0.0837 TLM""}, {""key"": ""Epic"", ""value"": ""13.5544 TLM""}, {""key"": ""Legendary"", ""value"": ""21.4416 TLM""}, {""key"": ""Mythical"", ""value"": ""79.5947 TLM""}, {""key"": ""Rare"", ""value"": ""7.0307 TLM""}]",67
270,2026-01-11,"[{""key"": ""Abundant"", ""value"": ""0.0704 TLM""}, {""key"": ""Common"", ""value"": ""0.0882 TLM""}, {""key"": ""Epic"", ""value"": ""14.1090 TLM""}, {""key"": ""Legendary"", ""value"": ""21.0622 TLM""}, {""key"": ""Mythical"", ""value"": ""85.7311 TLM""}, {""key"": ""Rare"", ""value"": ""7.0471 TLM""}]",69
271,2026-01-12,"[{""key"": ""Abundant"", ""value"": ""0.0614 TLM""}, {""key"": ""Common"", ""value"": ""0.0892 TLM""}, {""key"": ""Epic"", ""value"": ""13.2898 TLM""}, {""key"": ""Legendary"", ""value"": ""19.1160 TLM""}, {""key"": ""Mythical"", ""value"": ""75.6728 TLM""}, {""key"": ""Rare"", ""value"": ""6.8155 TLM""}]",69
272,2026-01-13,"[{""key"": ""Abundant"", ""value"": ""0.0592 TLM""}, {""key"": ""Common"", ""value"": ""0.0797 TLM""}, {""key"": ""Epic"", ""value"": ""12.5178 TLM""}, {""key"": ""Legendary"", ""value"": ""19.2169 TLM""}, {""key"": ""Mythical"", ""value"": ""77.7299 TLM""}, {""key"": ""Rare"", ""value"": ""6.7103 TLM""}]",68
273,2026-01-14,"[{""key"": ""Abundant"", ""value"": ""0.0550 TLM""}, {""key"": ""Common"", ""value"": ""0.0785 TLM""}, {""key"": ""Epic"", ""value"": ""13.6007 TLM""}, {""key"": ""Legendary"", ""value"": ""19.7731 TLM""}, {""key"": ""Mythical"", ""value"": ""81.4423 TLM""}, {""key"": ""Rare"", ""value"": ""6.5775 TLM""}]",71
274,2026-01-15,"[{""key"": ""Abundant"", ""value"": ""0.0671 TLM""}, {""key"": ""Common"", ""value"": ""0.0815 TLM""}, {""key"": ""Epic"", ""value"": ""14.3868 TLM""}, {""key"": ""Legendary"", ""value"": ""20.0738 TLM""}, {""key"": ""Mythical"", ""value"": ""82.0606 TLM""}, {""key"": ""Rare"", ""value"": ""6.9321 TLM""}]",68
275,2026-01-16,"[{""key"": ""Abundant"", ""value"": ""0.0601 TLM""}, {""key"": ""Common"", ""value"": ""0.0783 TLM""}, {""key"": ""Epic"", ""value"": ""13.5619 TLM""}, {""key"": ""Legendary"", ""value"": ""20.6356 TLM""}, {""key"": ""Mythical"", ""value"": ""81.8137 TLM""}, {""key"": ""Rare"", ""value"": ""6.8817 TLM""}]",71
276,2026-01-17,"[{""key"": ""Abundant"", ""value"": ""0.0455 TLM""}, {""key"": ""Common"", ""value"": ""0.0779 TLM""}, {""key"": ""Epic"", ""value"": ""13.7872 TLM""}, {""key"": ""Legendary"", ""value"": ""20.3641 TLM""}, {""key"": ""Mythical"", ""value"": ""78.7853 TLM""}, {""key"": ""Rare"", ""value"": ""9.9904 TLM""}]",72
277,2026-01-18,"[{""key"": ""Abundant"", ""value"": ""0.0552 TLM""}, {""key"": ""Common"", ""value"": ""0.0822 TLM""}, {""key"": ""Epic"", ""value"": ""13.2055 TLM""}, {""key"": ""Legendary"", ""value"": ""19.2639 TLM""}, {""key"": ""Mythical"", ""value"": ""79.2470 TLM""}, {""key"": ""Rare"", ""value"": ""10.4943 TLM""}]",70
278,2026-01-19,"[{""key"": ""Abundant"", ""value"": ""0.0452 TLM""}, {""key"": ""Common"", ""value"": ""0.0793 TLM""}, {""key"": ""Epic"", ""value"": ""8.5635 TLM""}, {""key"": ""Legendary"", ""value"": ""19.6787 TLM""}, {""key"": ""Mythical"", ""value"": ""77.2224 TLM""}, {""key"": ""Rare"", ""value"": ""7.3532 TLM""}]",68
279,2026-01-20,"[{""key"": ""Abundant"", ""value"": ""0.0470 TLM""}, {""key"": ""Common"", ""value"": ""0.0733 TLM""}, {""key"": ""Epic"", ""value"": ""13.1520 TLM""}, {""key"": ""Legendary"", ""value"": ""19.8625 TLM""}, {""key"": ""Mythical"", ""value"": ""78.5954 TLM""}, {""key"": ""Rare"", ""value"": ""6.7594 TLM""}]",69
280,2026-01-21,"[{""key"": ""Abundant"", ""value"": ""0.0455 TLM""}, {""key"": ""Common"", ""value"": ""0.0711 TLM""}, {""key"": ""Epic"", ""value"": ""13.6102 TLM""}, {""key"": ""Legendary"", ""value"": ""19.8862 TLM""}, {""key"": ""Mythical"", ""value"": ""82.9653 TLM""}, {""key"": ""Rare"", ""value"": ""6.9079 TLM""}]",70
281,2026-01-22,"[{""key"": ""Abundant"", ""value"": ""0.0470 TLM""}, {""key"": ""Common"", ""value"": ""0.0776 TLM""}, {""key"": ""Epic"", ""value"": ""13.3199 TLM""}, {""key"": ""Legendary"", ""value"": ""19.9216 TLM""}, {""key"": ""Mythical"", ""value"": ""76.1345 TLM""}, {""key"": ""Rare"", ""value"": ""6.6813 TLM""}]",73
282,2026-01-23,"[{""key"": ""Abundant"", ""value"": ""0.0444 TLM""}, {""key"": ""Common"", ""value"": ""0.0750 TLM""}, {""key"": ""Epic"", ""value"": ""12.4754 TLM""}, {""key"": ""Legendary"", ""value"": ""20.4912 TLM""}, {""key"": ""Mythical"", ""value"": ""76.3999 TLM""}, {""key"": ""Rare"", ""value"": ""6.6708 TLM""}]",70
283,2026-01-24,"[{""key"": ""Abundant"", ""value"": ""0.0468 TLM""}, {""key"": ""Common"", ""value"": ""0.0801 TLM""}, {""key"": ""Epic"", ""value"": ""14.8240 TLM""}, {""key"": ""Legendary"", ""value"": ""19.7000 TLM""}, {""key"": ""Mythical"", ""value"": ""82.9496 TLM""}, {""key"": ""Rare"", ""value"": ""6.5857 TLM""}]",70
284,2026-01-25,"[{""key"": ""Abundant"", ""value"": ""0.0459 TLM""}, {""key"": ""Common"", ""value"": ""0.0824 TLM""}, {""key"": ""Epic"", ""value"": ""15.2614 TLM""}, {""key"": ""Legendary"", ""value"": ""20.7310 TLM""}, {""key"": ""Mythical"", ""value"": ""84.2025 TLM""}, {""key"": ""Rare"", ""value"": ""7.1317 TLM""}]",73
285,2026-01-26,"[{""key"": ""Abundant"", ""value"": ""0.0491 TLM""}, {""key"": ""Common"", ""value"": ""0.0769 TLM""}, {""key"": ""Epic"", ""value"": ""14.9542 TLM""}, {""key"": ""Legendary"", ""value"": ""19.8952 TLM""}, {""key"": ""Mythical"", ""value"": ""72.3404 TLM""}, {""key"": ""Rare"", ""value"": ""6.8410 TLM""}]",66
286,2026-01-27,"[{""key"": ""Abundant"", ""value"": ""0.0532 TLM""}, {""key"": ""Common"", ""value"": ""0.0798 TLM""}, {""key"": ""Epic"", ""value"": ""15.7867 TLM""}, {""key"": ""Legendary"", ""value"": ""20.3284 TLM""}, {""key"": ""Mythical"", ""value"": ""80.9884 TLM""}, {""key"": ""Rare"", ""value"": ""7.1283 TLM""}]",65
287,2026-01-28,"[{""key"": ""Abundant"", ""value"": ""0.0566 TLM""}, {""key"": ""Common"", ""value"": ""0.0872 TLM""}, {""key"": ""Epic"", ""value"": ""14.3293 TLM""}, {""key"": ""Legendary"", ""value"": ""18.4453 TLM""}, {""key"": ""Mythical"", ""value"": ""79.4898 TLM""}, {""key"": ""Rare"", ""value"": ""7.1623 TLM""}]",68
288,2026-01-29,"[{""key"": ""Abundant"", ""value"": ""0.0448 TLM""}, {""key"": ""Common"", ""value"": ""0.0786 TLM""}, {""key"": ""Epic"", ""value"": ""13.9907 TLM""}, {""key"": ""Legendary"", ""value"": ""18.3256 TLM""}, {""key"": ""Mythical"", ""value"": ""81.7654 TLM""}, {""key"": ""Rare"", ""value"": ""7.2604 TLM""}]",70
289,2026-01-30,"[{""key"": ""Abundant"", ""value"": ""0.0453 TLM""}, {""key"": ""Common"", ""value"": ""0.0918 TLM""}, {""key"": ""Epic"", ""value"": ""14.7443 TLM""}, {""key"": ""Legendary"", ""value"": ""18.5041 TLM""}, {""key"": ""Mythical"", ""value"": ""82.8794 TLM""}, {""key"": ""Rare"", ""value"": ""9.4970 TLM""}]",69
290,2026-01-31,"[{""key"": ""Abundant"", ""value"": ""0.0502 TLM""}, {""key"": ""Common"", ""value"": ""0.0794 TLM""}, {""key"": ""Epic"", ""value"": ""14.6791 TLM""}, {""key"": ""Legendary"", ""value"": ""21.4351 TLM""}, {""key"": ""Mythical"", ""value"": ""92.5477 TLM""}, {""key"": ""Rare"", ""value"": ""6.5882 TLM""}]",64
291,2026-02-01,"[{""key"": ""Abundant"", ""value"": ""0.0475 TLM""}, {""key"": ""Common"", ""value"": ""0.0971 TLM""}, {""key"": ""Epic"", ""value"": ""15.8167 TLM""}, {""key"": ""Legendary"", ""value"": ""21.0124 TLM""}, {""key"": ""Mythical"", ""value"": ""92.8145 TLM""}, {""key"": ""Rare"", ""value"": ""6.7969 TLM""}]",71
292,2026-02-02,"[{""key"": ""Abundant"", ""value"": ""0.0447 TLM""}, {""key"": ""Common"", ""value"": ""0.0855 TLM""}, {""key"": ""Epic"", ""value"": ""16.7814 TLM""}, {""key"": ""Legendary"", ""value"": ""20.5417 TLM""}, {""key"": ""Mythical"", ""value"": ""83.4867 TLM""}, {""key"": ""Rare"", ""value"": ""7.5032 TLM""}]",69
293,2026-02-03,"[{""key"": ""Abundant"", ""value"": ""0.0441 TLM""}, {""key"": ""Common"", ""value"": ""0.0850 TLM""}, {""key"": ""Epic"", ""value"": ""15.2355 TLM""}, {""key"": ""Legendary"", ""value"": ""20.8588 TLM""}, {""key"": ""Mythical"", ""value"": ""80.9359 TLM""}, {""key"": ""Rare"", ""value"": ""7.4806 TLM""}]",70
294,2026-02-04,"[{""key"": ""Abundant"", ""value"": ""0.0438 TLM""}, {""key"": ""Common"", ""value"": ""0.0860 TLM""}, {""key"": ""Epic"", ""value"": ""14.7936 TLM""}, {""key"": ""Legendary"", ""value"": ""19.6428 TLM""}, {""key"": ""Mythical"", ""value"": ""78.9622 TLM""}, {""key"": ""Rare"", ""value"": ""6.6312 TLM""}]",69
295,2026-02-05,"[{""key"": ""Abundant"", ""value"": ""0.0432 TLM""}, {""key"": ""Common"", ""value"": ""0.0906 TLM""}, {""key"": ""Epic"", ""value"": ""13.8582 TLM""}, {""key"": ""Legendary"", ""value"": ""20.2401 TLM""}, {""key"": ""Mythical"", ""value"": ""83.4162 TLM""}, {""key"": ""Rare"", ""value"": ""6.3175 TLM""}]",63
296,2026-02-06,"[{""key"": ""Abundant"", ""value"": ""0.0418 TLM""}, {""key"": ""Common"", ""value"": ""0.0887 TLM""}, {""key"": ""Epic"", ""value"": ""15.6873 TLM""}, {""key"": ""Legendary"", ""value"": ""19.8639 TLM""}, {""key"": ""Mythical"", ""value"": ""78.1279 TLM""}, {""key"": ""Rare"", ""value"": ""6.4368 TLM""}]",61
297,2026-02-07,"[{""key"": ""Abundant"", ""value"": ""0.0389 TLM""}, {""key"": ""Common"", ""value"": ""0.0750 TLM""}, {""key"": ""Epic"", ""value"": ""12.8458 TLM""}, {""key"": ""Legendary"", ""value"": ""18.2789 TLM""}, {""key"": ""Mythical"", ""value"": ""81.2770 TLM""}, {""key"": ""Rare"", ""value"": ""6.4292 TLM""}]",67
298,2026-02-08,"[{""key"": ""Abundant"", ""value"": ""0.0418 TLM""}, {""key"": ""Common"", ""value"": ""0.0735 TLM""}, {""key"": ""Epic"", ""value"": ""12.8544 TLM""}, {""key"": ""Legendary"", ""value"": ""17.7128 TLM""}, {""key"": ""Mythical"", ""value"": ""76.9425 TLM""}, {""key"": ""Rare"", ""value"": ""5.9060 TLM""}]",69
299,2026-02-09,"[{""key"": ""Abundant"", ""value"": ""0.0383 TLM""}, {""key"": ""Common"", ""value"": ""0.0769 TLM""}, {""key"": ""Epic"", ""value"": ""13.6621 TLM""}, {""key"": ""Legendary"", ""value"": ""17.0905 TLM""}, {""key"": ""Mythical"", ""value"": ""69.8747 TLM""}, {""key"": ""Rare"", ""value"": ""6.0468 TLM""}]",67
300,2026-02-10,"[{""key"": ""Abundant"", ""value"": ""0.0368 TLM""}, {""key"": ""Common"", ""value"": ""0.0888 TLM""}, {""key"": ""Epic"", ""value"": ""12.1076 TLM""}, {""key"": ""Legendary"", ""value"": ""16.7684 TLM""}, {""key"": ""Mythical"", ""value"": ""69.6064 TLM""}, {""key"": ""Rare"", ""value"": ""6.0901 TLM""}]",69
301,2026-02-11,"[{""key"": ""Abundant"", ""value"": ""0.0362 TLM""}, {""key"": ""Common"", ""value"": ""0.0877 TLM""}, {""key"": ""Epic"", ""value"": ""13.3729 TLM""}, {""key"": ""Legendary"", ""value"": ""17.0289 TLM""}, {""key"": ""Mythical"", ""value"": ""75.0192 TLM""}, {""key"": ""Rare"", ""value"": ""6.0394 TLM""}]",62
302,2026-02-12,"[{""key"": ""Abundant"", ""value"": ""0.0373 TLM""}, {""key"": ""Common"", ""value"": ""0.0865 TLM""}, {""key"": ""Epic"", ""value"": ""13.7787 TLM""}, {""key"": ""Legendary"", ""value"": ""17.2532 TLM""}, {""key"": ""Mythical"", ""value"": ""81.1678 TLM""}, {""key"": ""Rare"", ""value"": ""5.7423 TLM""}]",68
303,2026-02-13,"[{""key"": ""Abundant"", ""value"": ""0.0397 TLM""}, {""key"": ""Common"", ""value"": ""0.0860 TLM""}, {""key"": ""Epic"", ""value"": ""12.6465 TLM""}, {""key"": ""Legendary"", ""value"": ""17.0023 TLM""}, {""key"": ""Mythical"", ""value"": ""73.1832 TLM""}, {""key"": ""Rare"", ""value"": ""5.7477 TLM""}]",68
304,2026-02-14,"[{""key"": ""Abundant"", ""value"": ""0.0400 TLM""}, {""key"": ""Common"", ""value"": ""0.0859 TLM""}, {""key"": ""Epic"", ""value"": ""15.8282 TLM""}, {""key"": ""Legendary"", ""value"": ""18.3912 TLM""}, {""key"": ""Mythical"", ""value"": ""82.5200 TLM""}, {""key"": ""Rare"", ""value"": ""5.8927 TLM""}]",64
305,2026-02-15,"[{""key"": ""Abundant"", ""value"": ""0.0385 TLM""}, {""key"": ""Common"", ""value"": ""0.0837 TLM""}, {""key"": ""Epic"", ""value"": ""15.1648 TLM""}, {""key"": ""Legendary"", ""value"": ""19.1430 TLM""}, {""key"": ""Mythical"", ""value"": ""81.9069 TLM""}, {""key"": ""Rare"", ""value"": ""5.8499 TLM""}]",68
306,2026-02-16,"[{""key"": ""Abundant"", ""value"": ""0.0452 TLM""}, {""key"": ""Common"", ""value"": ""0.0810 TLM""}, {""key"": ""Epic"", ""value"": ""19.0235 TLM""}, {""key"": ""Legendary"", ""value"": ""18.4159 TLM""}, {""key"": ""Mythical"", ""value"": ""75.0644 TLM""}, {""key"": ""Rare"", ""value"": ""5.9757 TLM""}]",71
307,2026-02-17,"[{""key"": ""Abundant"", ""value"": ""0.0480 TLM""}, {""key"": ""Common"", ""value"": ""0.0923 TLM""}, {""key"": ""Epic"", ""value"": ""15.5563 TLM""}, {""key"": ""Legendary"", ""value"": ""17.5911 TLM""}, {""key"": ""Mythical"", ""value"": ""69.8958 TLM""}, {""key"": ""Rare"", ""value"": ""6.9218 TLM""}]",69
308,2026-02-18,"[{""key"": ""Abundant"", ""value"": ""0.0400 TLM""}, {""key"": ""Common"", ""value"": ""0.0894 TLM""}, {""key"": ""Epic"", ""value"": ""13.2444 TLM""}, {""key"": ""Legendary"", ""value"": ""17.3715 TLM""}, {""key"": ""Mythical"", ""value"": ""75.4692 TLM""}, {""key"": ""Rare"", ""value"": ""5.9337 TLM""}]",62
309,2026-02-19,"[{""key"": ""Abundant"", ""value"": ""0.0387 TLM""}, {""key"": ""Common"", ""value"": ""0.0985 TLM""}, {""key"": ""Epic"", ""value"": ""13.0954 TLM""}, {""key"": ""Legendary"", ""value"": ""17.5186 TLM""}, {""key"": ""Mythical"", ""value"": ""82.1414 TLM""}, {""key"": ""Rare"", ""value"": ""6.2020 TLM""}]",67
310,2026-02-20,"[{""key"": ""Abundant"", ""value"": ""0.0473 TLM""}, {""key"": ""Common"", ""value"": ""0.0868 TLM""}, {""key"": ""Epic"", ""value"": ""13.9433 TLM""}, {""key"": ""Legendary"", ""value"": ""17.0205 TLM""}, {""key"": ""Mythical"", ""value"": ""74.8253 TLM""}, {""key"": ""Rare"", ""value"": ""5.9468 TLM""}]",65
311,2026-02-21,"[{""key"": ""Abundant"", ""value"": ""0.0496 TLM""}, {""key"": ""Common"", ""value"": ""0.0792 TLM""}, {""key"": ""Epic"", ""value"": ""12.6046 TLM""}, {""key"": ""Legendary"", ""value"": ""17.8267 TLM""}, {""key"": ""Mythical"", ""value"": ""75.5866 TLM""}, {""key"": ""Rare"", ""value"": ""5.8891 TLM""}]",69
312,2026-02-22,"[{""key"": ""Abundant"", ""value"": ""0.0474 TLM""}, {""key"": ""Common"", ""value"": ""0.0752 TLM""}, {""key"": ""Epic"", ""value"": ""13.6766 TLM""}, {""key"": ""Legendary"", ""value"": ""18.3396 TLM""}, {""key"": ""Mythical"", ""value"": ""77.6812 TLM""}, {""key"": ""Rare"", ""value"": ""5.9385 TLM""}]",68
313,2026-02-23,"[{""key"": ""Abundant"", ""value"": ""0.0444 TLM""}, {""key"": ""Common"", ""value"": ""0.0791 TLM""}, {""key"": ""Epic"", ""value"": ""12.4501 TLM""}, {""key"": ""Legendary"", ""value"": ""16.1590 TLM""}, {""key"": ""Mythical"", ""value"": ""72.0963 TLM""}, {""key"": ""Rare"", ""value"": ""5.6749 TLM""}]",69
314,2026-02-24,"[{""key"": ""Abundant"", ""value"": ""0.0417 TLM""}, {""key"": ""Common"", ""value"": ""0.0780 TLM""}, {""key"": ""Epic"", ""value"": ""14.4811 TLM""}, {""key"": ""Legendary"", ""value"": ""17.1121 TLM""}, {""key"": ""Mythical"", ""value"": ""72.5327 TLM""}, {""key"": ""Rare"", ""value"": ""6.1564 TLM""}]",69
315,2026-02-25,"[{""key"": ""Abundant"", ""value"": ""0.0454 TLM""}, {""key"": ""Common"", ""value"": ""0.0776 TLM""}, {""key"": ""Epic"", ""value"": ""14.2929 TLM""}, {""key"": ""Legendary"", ""value"": ""17.4976 TLM""}, {""key"": ""Mythical"", ""value"": ""69.3712 TLM""}, {""key"": ""Rare"", ""value"": ""5.8406 TLM""}]",69
316,2026-02-26,"[{""key"": ""Abundant"", ""value"": ""0.0417 TLM""}, {""key"": ""Common"", ""value"": ""0.0694 TLM""}, {""key"": ""Epic"", ""value"": ""12.8032 TLM""}, {""key"": ""Legendary"", ""value"": ""18.0040 TLM""}, {""key"": ""Mythical"", ""value"": ""76.7146 TLM""}, {""key"": ""Rare"", ""value"": ""5.7336 TLM""}]",67
317,2026-02-27,"[{""key"": ""Abundant"", ""value"": ""0.0380 TLM""}, {""key"": ""Common"", ""value"": ""0.0752 TLM""}, {""key"": ""Epic"", ""value"": ""14.6991 TLM""}, {""key"": ""Legendary"", ""value"": ""17.6097 TLM""}, {""key"": ""Mythical"", ""value"": ""70.5033 TLM""}, {""key"": ""Rare"", ""value"": ""5.7217 TLM""}]",68
318,2026-02-28,"[{""key"": ""Abundant"", ""value"": ""0.0409 TLM""}, {""key"": ""Common"", ""value"": ""0.0779 TLM""}, {""key"": ""Epic"", ""value"": ""14.8184 TLM""}, {""key"": ""Legendary"", ""value"": ""18.3529 TLM""}, {""key"": ""Mythical"", ""value"": ""75.3291 TLM""}, {""key"": ""Rare"", ""value"": ""5.8143 TLM""}]",68
319,2026-03-01,"[{""key"": ""Abundant"", ""value"": ""0.0425 TLM""}, {""key"": ""Common"", ""value"": ""0.0808 TLM""}, {""key"": ""Epic"", ""value"": ""14.1177 TLM""}, {""key"": ""Legendary"", ""value"": ""18.3528 TLM""}, {""key"": ""Mythical"", ""value"": ""75.0414 TLM""}, {""key"": ""Rare"", ""value"": ""5.7053 TLM""}]",67
320,2026-03-02,"[{""key"": ""Abundant"", ""value"": ""0.0407 TLM""}, {""key"": ""Common"", ""value"": ""0.0825 TLM""}, {""key"": ""Epic"", ""value"": ""15.6028 TLM""}, {""key"": ""Legendary"", ""value"": ""17.1660 TLM""}, {""key"": ""Mythical"", ""value"": ""70.6034 TLM""}, {""key"": ""Rare"", ""value"": ""5.7736 TLM""}]",67
321,2026-03-03,"[{""key"": ""Abundant"", ""value"": ""0.0414 TLM""}, {""key"": ""Common"", ""value"": ""0.0790 TLM""}, {""key"": ""Epic"", ""value"": ""12.4899 TLM""}, {""key"": ""Legendary"", ""value"": ""16.9006 TLM""}, {""key"": ""Mythical"", ""value"": ""69.5870 TLM""}, {""key"": ""Rare"", ""value"": ""5.9468 TLM""}]",72
322,2026-03-04,"[{""key"": ""Abundant"", ""value"": ""0.0400 TLM""}, {""key"": ""Common"", ""value"": ""0.0773 TLM""}, {""key"": ""Epic"", ""value"": ""13.4124 TLM""}, {""key"": ""Legendary"", ""value"": ""16.9976 TLM""}, {""key"": ""Mythical"", ""value"": ""74.8596 TLM""}, {""key"": ""Rare"", ""value"": ""5.7281 TLM""}]",70
323,2026-03-05,"[{""key"": ""Abundant"", ""value"": ""0.0392 TLM""}, {""key"": ""Common"", ""value"": ""0.0716 TLM""}, {""key"": ""Epic"", ""value"": ""12.4457 TLM""}, {""key"": ""Legendary"", ""value"": ""17.0634 TLM""}, {""key"": ""Mythical"", ""value"": ""73.6732 TLM""}, {""key"": ""Rare"", ""value"": ""5.8414 TLM""}]",67
324,2026-03-06,"[{""key"": ""Abundant"", ""value"": ""0.0397 TLM""}, {""key"": ""Common"", ""value"": ""0.0735 TLM""}, {""key"": ""Epic"", ""value"": ""12.0858 TLM""}, {""key"": ""Legendary"", ""value"": ""17.0459 TLM""}, {""key"": ""Mythical"", ""value"": ""69.9793 TLM""}, {""key"": ""Rare"", ""value"": ""5.6249 TLM""}]",65
325,2026-03-07,"[{""key"": ""Abundant"", ""value"": ""0.0358 TLM""}, {""key"": ""Common"", ""value"": ""0.0744 TLM""}, {""key"": ""Epic"", ""value"": ""11.8076 TLM""}, {""key"": ""Legendary"", ""value"": ""17.2676 TLM""}, {""key"": ""Mythical"", ""value"": ""73.9623 TLM""}, {""key"": ""Rare"", ""value"": ""5.6736 TLM""}]",69
326,2026-03-08,"[{""key"": ""Abundant"", ""value"": ""0.0349 TLM""}, {""key"": ""Common"", ""value"": ""0.0667 TLM""}, {""key"": ""Epic"", ""value"": ""11.4383 TLM""}, {""key"": ""Legendary"", ""value"": ""18.4350 TLM""}, {""key"": ""Mythical"", ""value"": ""77.1166 TLM""}, {""key"": ""Rare"", ""value"": ""5.6474 TLM""}]",70
327,2026-03-09,"[{""key"": ""Abundant"", ""value"": ""0.0368 TLM""}, {""key"": ""Common"", ""value"": ""0.0724 TLM""}, {""key"": ""Epic"", ""value"": ""15.1854 TLM""}, {""key"": ""Legendary"", ""value"": ""17.2726 TLM""}, {""key"": ""Mythical"", ""value"": ""77.9181 TLM""}, {""key"": ""Rare"", ""value"": ""5.9203 TLM""}]",67
328,2026-03-10,"[{""key"": ""Abundant"", ""value"": ""0.0379 TLM""}, {""key"": ""Common"", ""value"": ""0.0753 TLM""}, {""key"": ""Epic"", ""value"": ""13.4451 TLM""}, {""key"": ""Legendary"", ""value"": ""18.0594 TLM""}, {""key"": ""Mythical"", ""value"": ""78.5262 TLM""}, {""key"": ""Rare"", ""value"": ""5.9706 TLM""}]",72
329,2026-03-11,"[{""key"": ""Abundant"", ""value"": ""0.0405 TLM""}, {""key"": ""Common"", ""value"": ""0.0744 TLM""}, {""key"": ""Epic"", ""value"": ""12.4213 TLM""}, {""key"": ""Legendary"", ""value"": ""18.1891 TLM""}, {""key"": ""Mythical"", ""value"": ""73.0201 TLM""}, {""key"": ""Rare"", ""value"": ""6.1006 TLM""}]",71
330,2026-03-12,"[{""key"": ""Abundant"", ""value"": ""0.0375 TLM""}, {""key"": ""Common"", ""value"": ""0.0738 TLM""}, {""key"": ""Epic"", ""value"": ""13.5679 TLM""}, {""key"": ""Legendary"", ""value"": ""18.8703 TLM""}, {""key"": ""Mythical"", ""value"": ""75.3882 TLM""}, {""key"": ""Rare"", ""value"": ""6.1850 TLM""}]",67
331,2026-03-13,"[{""key"": ""Abundant"", ""value"": ""0.0362 TLM""}, {""key"": ""Common"", ""value"": ""0.0714 TLM""}, {""key"": ""Epic"", ""value"": ""12.5182 TLM""}, {""key"": ""Legendary"", ""value"": ""18.1494 TLM""}, {""key"": ""Mythical"", ""value"": ""75.2948 TLM""}, {""key"": ""Rare"", ""value"": ""6.0204 TLM""}]",70
332,2026-03-14,"[{""key"": ""Abundant"", ""value"": ""0.0405 TLM""}, {""key"": ""Common"", ""value"": ""0.0738 TLM""}, {""key"": ""Epic"", ""value"": ""12.6957 TLM""}, {""key"": ""Legendary"", ""value"": ""18.2315 TLM""}, {""key"": ""Mythical"", ""value"": ""80.0403 TLM""}, {""key"": ""Rare"", ""value"": ""5.7840 TLM""}]",67
333,2026-03-15,"[{""key"": ""Abundant"", ""value"": ""0.0416 TLM""}, {""key"": ""Common"", ""value"": ""0.0734 TLM""}, {""key"": ""Epic"", ""value"": ""11.5278 TLM""}, {""key"": ""Legendary"", ""value"": ""18.2177 TLM""}, {""key"": ""Mythical"", ""value"": ""80.2343 TLM""}, {""key"": ""Rare"", ""value"": ""6.4888 TLM""}]",66
334,2026-03-16,"[{""key"": ""Abundant"", ""value"": ""0.0425 TLM""}, {""key"": ""Common"", ""value"": ""0.0786 TLM""}, {""key"": ""Epic"", ""value"": ""12.4419 TLM""}, {""key"": ""Legendary"", ""value"": ""17.3587 TLM""}, {""key"": ""Mythical"", ""value"": ""72.4755 TLM""}, {""key"": ""Rare"", ""value"": ""6.2377 TLM""}]",71
335,2026-03-17,"[{""key"": ""Abundant"", ""value"": ""0.0391 TLM""}, {""key"": ""Common"", ""value"": ""0.0804 TLM""}, {""key"": ""Epic"", ""value"": ""12.9247 TLM""}, {""key"": ""Legendary"", ""value"": ""17.7577 TLM""}, {""key"": ""Mythical"", ""value"": ""73.9784 TLM""}, {""key"": ""Rare"", ""value"": ""5.9203 TLM""}]",66
336,2026-03-18,"[{""key"": ""Abundant"", ""value"": ""0.0369 TLM""}, {""key"": ""Common"", ""value"": ""0.0695 TLM""}, {""key"": ""Epic"", ""value"": ""14.2472 TLM""}, {""key"": ""Legendary"", ""value"": ""16.2614 TLM""}, {""key"": ""Mythical"", ""value"": ""74.2587 TLM""}, {""key"": ""Rare"", ""value"": ""6.0182 TLM""}]",67
337,2026-03-19,"[{""key"": ""Abundant"", ""value"": ""0.0366 TLM""}, {""key"": ""Common"", ""value"": ""0.0731 TLM""}, {""key"": ""Epic"", ""value"": ""14.8026 TLM""}, {""key"": ""Legendary"", ""value"": ""17.8799 TLM""}, {""key"": ""Mythical"", ""value"": ""108.2852 TLM""}, {""key"": ""Rare"", ""value"": ""6.2612 TLM""}]",53
338,2026-03-20,"[{""key"": ""Abundant"", ""value"": ""0.0390 TLM""}, {""key"": ""Common"", ""value"": ""0.0698 TLM""}, {""key"": ""Epic"", ""value"": ""12.2106 TLM""}, {""key"": ""Legendary"", ""value"": ""17.2298 TLM""}, {""key"": ""Mythical"", ""value"": ""79.9339 TLM""}, {""key"": ""Rare"", ""value"": ""6.0452 TLM""}]",65
339,2026-03-21,"[{""key"": ""Abundant"", ""value"": ""0.0398 TLM""}, {""key"": ""Common"", ""value"": ""0.0668 TLM""}, {""key"": ""Epic"", ""value"": ""14.3329 TLM""}, {""key"": ""Legendary"", ""value"": ""18.8681 TLM""}, {""key"": ""Mythical"", ""value"": ""81.9926 TLM""}, {""key"": ""Rare"", ""value"": ""6.1605 TLM""}]",70
340,2026-03-22,"[{""key"": ""Abundant"", ""value"": ""0.0378 TLM""}, {""key"": ""Common"", ""value"": ""0.0695 TLM""}, {""key"": ""Epic"", ""value"": ""13.9194 TLM""}, {""key"": ""Legendary"", ""value"": ""19.9459 TLM""}, {""key"": ""Mythical"", ""value"": ""84.1844 TLM""}, {""key"": ""Rare"", ""value"": ""6.0326 TLM""}]",66
341,2026-03-23,"[{""key"": ""Abundant"", ""value"": ""0.0360 TLM""}, {""key"": ""Common"", ""value"": ""0.0706 TLM""}, {""key"": ""Epic"", ""value"": ""14.0486 TLM""}, {""key"": ""Legendary"", ""value"": ""18.0253 TLM""}, {""key"": ""Mythical"", ""value"": ""75.5025 TLM""}, {""key"": ""Rare"", ""value"": ""6.3186 TLM""}]",70
342,2026-03-24,"[{""key"": ""Abundant"", ""value"": ""0.0398 TLM""}, {""key"": ""Common"", ""value"": ""0.0779 TLM""}, {""key"": ""Epic"", ""value"": ""15.6783 TLM""}, {""key"": ""Legendary"", ""value"": ""17.5306 TLM""}, {""key"": ""Mythical"", ""value"": ""79.7559 TLM""}, {""key"": ""Rare"", ""value"": ""6.2228 TLM""}]",68
343,2026-03-25,"[{""key"": ""Abundant"", ""value"": ""0.0545 TLM""}, {""key"": ""Common"", ""value"": ""0.0865 TLM""}, {""key"": ""Epic"", ""value"": ""17.6919 TLM""}, {""key"": ""Legendary"", ""value"": ""21.5872 TLM""}, {""key"": ""Mythical"", ""value"": ""91.3167 TLM""}, {""key"": ""Rare"", ""value"": ""7.5040 TLM""}]",64
344,2026-03-26,"[{""key"": ""Abundant"", ""value"": ""0.0591 TLM""}, {""key"": ""Common"", ""value"": ""0.0678 TLM""}, {""key"": ""Epic"", ""value"": ""13.1448 TLM""}, {""key"": ""Legendary"", ""value"": ""18.3092 TLM""}, {""key"": ""Mythical"", ""value"": ""98.2824 TLM""}, {""key"": ""Rare"", ""value"": ""6.3497 TLM""}]",64
345,2026-03-27,"[{""key"": ""Abundant"", ""value"": ""0.0659 TLM""}, {""key"": ""Common"", ""value"": ""0.0657 TLM""}, {""key"": ""Epic"", ""value"": ""12.5648 TLM""}, {""key"": ""Legendary"", ""value"": ""17.7535 TLM""}, {""key"": ""Mythical"", ""value"": ""103.4434 TLM""}, {""key"": ""Rare"", ""value"": ""6.0767 TLM""}]",65
346,2026-03-28,"[{""key"": ""Abundant"", ""value"": ""0.0600 TLM""}, {""key"": ""Common"", ""value"": ""0.0705 TLM""}, {""key"": ""Epic"", ""value"": ""13.2554 TLM""}, {""key"": ""Legendary"", ""value"": ""17.7359 TLM""}, {""key"": ""Mythical"", ""value"": ""100.3709 TLM""}, {""key"": ""Rare"", ""value"": ""5.8618 TLM""}]",66
347,2026-03-29,"[{""key"": ""Abundant"", ""value"": ""0.0577 TLM""}, {""key"": ""Common"", ""value"": ""0.0681 TLM""}, {""key"": ""Epic"", ""value"": ""16.4575 TLM""}, {""key"": ""Legendary"", ""value"": ""18.6520 TLM""}, {""key"": ""Mythical"", ""value"": ""94.2341 TLM""}, {""key"": ""Rare"", ""value"": ""6.0860 TLM""}]",66
348,2026-03-30,"[{""key"": ""Abundant"", ""value"": ""0.0641 TLM""}, {""key"": ""Common"", ""value"": ""0.0656 TLM""}, {""key"": ""Epic"", ""value"": ""18.0881 TLM""}, {""key"": ""Legendary"", ""value"": ""23.6188 TLM""}, {""key"": ""Mythical"", ""value"": ""94.1301 TLM""}, {""key"": ""Rare"", ""value"": ""6.0273 TLM""}]",63
349,2026-03-31,"[{""key"": ""Abundant"", ""value"": ""0.0622 TLM""}, {""key"": ""Common"", ""value"": ""0.0776 TLM""}, {""key"": ""Epic"", ""value"": ""16.4959 TLM""}, {""key"": ""Legendary"", ""value"": ""24.2574 TLM""}, {""key"": ""Mythical"", ""value"": ""94.7375 TLM""}, {""key"": ""Rare"", ""value"": ""6.1484 TLM""}]",69
350,2026-04-01,"[{""key"": ""Abundant"", ""value"": ""0.0444 TLM""}, {""key"": ""Common"", ""value"": ""0.0766 TLM""}, {""key"": ""Epic"", ""value"": ""17.3364 TLM""}, {""key"": ""Legendary"", ""value"": ""22.9831 TLM""}, {""key"": ""Mythical"", ""value"": ""94.1736 TLM""}, {""key"": ""Rare"", ""value"": ""5.9188 TLM""}]",59
351,2026-04-02,"[{""key"": ""Abundant"", ""value"": ""0.0445 TLM""}, {""key"": ""Common"", ""value"": ""0.0795 TLM""}, {""key"": ""Epic"", ""value"": ""19.1506 TLM""}, {""key"": ""Legendary"", ""value"": ""26.1233 TLM""}, {""key"": ""Mythical"", ""value"": ""100.4545 TLM""}, {""key"": ""Rare"", ""value"": ""6.0154 TLM""}]",65
352,2026-04-03,"[{""key"": ""Abundant"", ""value"": ""0.0440 TLM""}, {""key"": ""Common"", ""value"": ""0.0806 TLM""}, {""key"": ""Epic"", ""value"": ""18.1864 TLM""}, {""key"": ""Legendary"", ""value"": ""22.5986 TLM""}, {""key"": ""Mythical"", ""value"": ""91.6747 TLM""}, {""key"": ""Rare"", ""value"": ""7.2245 TLM""}]",66
353,2026-04-04,"[{""key"": ""Abundant"", ""value"": ""0.0421 TLM""}, {""key"": ""Common"", ""value"": ""0.0738 TLM""}, {""key"": ""Epic"", ""value"": ""18.0187 TLM""}, {""key"": ""Legendary"", ""value"": ""22.9689 TLM""}, {""key"": ""Mythical"", ""value"": ""90.4231 TLM""}, {""key"": ""Rare"", ""value"": ""6.1905 TLM""}]",67
354,2026-04-05,"[{""key"": ""Abundant"", ""value"": ""0.0439 TLM""}, {""key"": ""Common"", ""value"": ""0.0802 TLM""}, {""key"": ""Epic"", ""value"": ""17.1622 TLM""}, {""key"": ""Legendary"", ""value"": ""23.1222 TLM""}, {""key"": ""Mythical"", ""value"": ""87.1717 TLM""}, {""key"": ""Rare"", ""value"": ""6.1573 TLM""}]",66
355,2026-04-06,"[{""key"": ""Abundant"", ""value"": ""0.0474 TLM""}, {""key"": ""Common"", ""value"": ""0.0788 TLM""}, {""key"": ""Epic"", ""value"": ""18.0951 TLM""}, {""key"": ""Legendary"", ""value"": ""24.5841 TLM""}, {""key"": ""Mythical"", ""value"": ""82.9629 TLM""}, {""key"": ""Rare"", ""value"": ""8.5415 TLM""}]",63
356,2026-04-07,"[{""key"": ""Abundant"", ""value"": ""0.0408 TLM""}, {""key"": ""Common"", ""value"": ""0.0738 TLM""}, {""key"": ""Epic"", ""value"": ""17.5370 TLM""}, {""key"": ""Legendary"", ""value"": ""22.2222 TLM""}, {""key"": ""Mythical"", ""value"": ""87.6439 TLM""}, {""key"": ""Rare"", ""value"": ""8.4657 TLM""}]",66
357,2026-04-08,"[{""key"": ""Abundant"", ""value"": ""0.0384 TLM""}, {""key"": ""Common"", ""value"": ""0.0788 TLM""}, {""key"": ""Epic"", ""value"": ""17.4266 TLM""}, {""key"": ""Legendary"", ""value"": ""23.8168 TLM""}, {""key"": ""Mythical"", ""value"": ""83.0352 TLM""}, {""key"": ""Rare"", ""value"": ""9.2732 TLM""}]",61
358,2026-04-09,"[{""key"": ""Abundant"", ""value"": ""0.0390 TLM""}, {""key"": ""Common"", ""value"": ""0.0740 TLM""}, {""key"": ""Epic"", ""value"": ""17.2103 TLM""}, {""key"": ""Legendary"", ""value"": ""23.9434 TLM""}, {""key"": ""Mythical"", ""value"": ""80.5559 TLM""}, {""key"": ""Rare"", ""value"": ""6.6959 TLM""}]",60
359,2026-04-10,"[{""key"": ""Abundant"", ""value"": ""0.0372 TLM""}, {""key"": ""Common"", ""value"": ""0.0801 TLM""}, {""key"": ""Epic"", ""value"": ""17.5751 TLM""}, {""key"": ""Legendary"", ""value"": ""23.7376 TLM""}, {""key"": ""Mythical"", ""value"": ""85.3458 TLM""}, {""key"": ""Rare"", ""value"": ""6.7706 TLM""}]",65
360,2026-04-11,"[{""key"": ""Abundant"", ""value"": ""0.0370 TLM""}, {""key"": ""Common"", ""value"": ""0.0792 TLM""}, {""key"": ""Epic"", ""value"": ""17.6300 TLM""}, {""key"": ""Legendary"", ""value"": ""25.0741 TLM""}, {""key"": ""Mythical"", ""value"": ""90.8416 TLM""}, {""key"": ""Rare"", ""value"": ""6.7153 TLM""}]",63
361,2026-04-12,"[{""key"": ""Abundant"", ""value"": ""0.0368 TLM""}, {""key"": ""Common"", ""value"": ""0.0804 TLM""}, {""key"": ""Epic"", ""value"": ""17.2839 TLM""}, {""key"": ""Legendary"", ""value"": ""26.4978 TLM""}, {""key"": ""Mythical"", ""value"": ""86.7859 TLM""}, {""key"": ""Rare"", ""value"": ""6.5588 TLM""}]",66
362,2026-04-13,"[{""key"": ""Abundant"", ""value"": ""0.0364 TLM""}, {""key"": ""Common"", ""value"": ""0.0773 TLM""}, {""key"": ""Epic"", ""value"": ""16.8893 TLM""}, {""key"": ""Legendary"", ""value"": ""24.0415 TLM""}, {""key"": ""Mythical"", ""value"": ""81.3294 TLM""}, {""key"": ""Rare"", ""value"": ""6.6069 TLM""}]",61
363,2026-04-14,"[{""key"": ""Abundant"", ""value"": ""0.0403 TLM""}, {""key"": ""Common"", ""value"": ""0.0785 TLM""}, {""key"": ""Epic"", ""value"": ""16.3862 TLM""}, {""key"": ""Legendary"", ""value"": ""21.4434 TLM""}, {""key"": ""Mythical"", ""value"": ""80.6160 TLM""}, {""key"": ""Rare"", ""value"": ""6.5032 TLM""}]",63
364,2026-04-15,"[{""key"": ""Abundant"", ""value"": ""0.0393 TLM""}, {""key"": ""Common"", ""value"": ""0.0818 TLM""}, {""key"": ""Epic"", ""value"": ""16.6034 TLM""}, {""key"": ""Legendary"", ""value"": ""22.4522 TLM""}, {""key"": ""Mythical"", ""value"": ""82.5116 TLM""}, {""key"": ""Rare"", ""value"": ""6.6222 TLM""}]",65
365,2026-04-16,"[{""key"": ""Abundant"", ""value"": ""0.0349 TLM""}, {""key"": ""Common"", ""value"": ""0.0735 TLM""}, {""key"": ""Epic"", ""value"": ""16.9557 TLM""}, {""key"": ""Legendary"", ""value"": ""23.1296 TLM""}, {""key"": ""Mythical"", ""value"": ""81.3643 TLM""}, {""key"": ""Rare"", ""value"": ""6.1588 TLM""}]",64
366,2026-04-17,"[{""key"": ""Abundant"", ""value"": ""0.0355 TLM""}, {""key"": ""Common"", ""value"": ""0.0713 TLM""}, {""key"": ""Epic"", ""value"": ""18.0635 TLM""}, {""key"": ""Legendary"", ""value"": ""22.3148 TLM""}, {""key"": ""Mythical"", ""value"": ""83.5519 TLM""}, {""key"": ""Rare"", ""value"": ""8.0158 TLM""}]",63
367,2026-04-18,"[{""key"": ""Abundant"", ""value"": ""0.0371 TLM""}, {""key"": ""Common"", ""value"": ""0.0766 TLM""}, {""key"": ""Epic"", ""value"": ""17.3432 TLM""}, {""key"": ""Legendary"", ""value"": ""22.7420 TLM""}, {""key"": ""Mythical"", ""value"": ""88.6845 TLM""}, {""key"": ""Rare"", ""value"": ""6.1916 TLM""}]",62
368,2026-04-19,"[{""key"": ""Abundant"", ""value"": ""0.0341 TLM""}, {""key"": ""Common"", ""value"": ""0.0770 TLM""}, {""key"": ""Epic"", ""value"": ""16.9453 TLM""}, {""key"": ""Legendary"", ""value"": ""21.5472 TLM""}, {""key"": ""Mythical"", ""value"": ""88.0428 TLM""}, {""key"": ""Rare"", ""value"": ""6.1219 TLM""}]",67
369,2026-04-20,"[{""key"": ""Abundant"", ""value"": ""0.0340 TLM""}, {""key"": ""Common"", ""value"": ""0.0756 TLM""}, {""key"": ""Epic"", ""value"": ""17.2777 TLM""}, {""key"": ""Legendary"", ""value"": ""20.9156 TLM""}, {""key"": ""Mythical"", ""value"": ""82.3750 TLM""}, {""key"": ""Rare"", ""value"": ""5.9716 TLM""}]",64
370,2026-04-21,"[{""key"": ""Abundant"", ""value"": ""0.0315 TLM""}, {""key"": ""Common"", ""value"": ""0.0737 TLM""}, {""key"": ""Epic"", ""value"": ""17.2245 TLM""}, {""key"": ""Legendary"", ""value"": ""20.9000 TLM""}, {""key"": ""Mythical"", ""value"": ""78.0439 TLM""}, {""key"": ""Rare"", ""value"": ""6.0782 TLM""}]",65
371,2026-04-22,"[{""key"": ""Abundant"", ""value"": ""0.0305 TLM""}, {""key"": ""Common"", ""value"": ""0.0699 TLM""}, {""key"": ""Epic"", ""value"": ""17.6007 TLM""}, {""key"": ""Legendary"", ""value"": ""21.5497 TLM""}, {""key"": ""Mythical"", ""value"": ""84.8008 TLM""}, {""key"": ""Rare"", ""value"": ""6.1957 TLM""}]",63
372,2026-04-23,"[{""key"": ""Abundant"", ""value"": ""0.0295 TLM""}, {""key"": ""Common"", ""value"": ""0.0750 TLM""}, {""key"": ""Epic"", ""value"": ""18.5990 TLM""}, {""key"": ""Legendary"", ""value"": ""21.8148 TLM""}, {""key"": ""Mythical"", ""value"": ""82.7206 TLM""}, {""key"": ""Rare"", ""value"": ""6.9390 TLM""}]",63
373,2026-04-24,"[{""key"": ""Abundant"", ""value"": ""0.0294 TLM""}, {""key"": ""Common"", ""value"": ""0.1092 TLM""}, {""key"": ""Epic"", ""value"": ""22.1777 TLM""}, {""key"": ""Legendary"", ""value"": ""27.7218 TLM""}, {""key"": ""Mythical"", ""value"": ""94.8316 TLM""}, {""key"": ""Rare"", ""value"": ""9.4135 TLM""}]",65
374,2026-04-25,"[{""key"": ""Abundant"", ""value"": ""0.0312 TLM""}, {""key"": ""Common"", ""value"": ""0.1906 TLM""}, {""key"": ""Epic"", ""value"": ""46.7108 TLM""}, {""key"": ""Legendary"", ""value"": ""30.9920 TLM""}, {""key"": ""Mythical"", ""value"": ""99.6818 TLM""}, {""key"": ""Rare"", ""value"": ""16.7980 TLM""}]",65
375,2026-04-26,"[{""key"": ""Abundant"", ""value"": ""0.0340 TLM""}, {""key"": ""Common"", ""value"": ""0.1301 TLM""}, {""key"": ""Epic"", ""value"": ""34.1324 TLM""}, {""key"": ""Legendary"", ""value"": ""26.7009 TLM""}, {""key"": ""Mythical"", ""value"": ""96.3391 TLM""}, {""key"": ""Rare"", ""value"": ""23.2906 TLM""}]",64
376,2026-04-27,"[{""key"": ""Abundant"", ""value"": ""0.0310 TLM""}, {""key"": ""Common"", ""value"": ""0.1522 TLM""}, {""key"": ""Epic"", ""value"": ""30.7832 TLM""}, {""key"": ""Legendary"", ""value"": ""27.5346 TLM""}, {""key"": ""Mythical"", ""value"": ""81.3656 TLM""}, {""key"": ""Rare"", ""value"": ""24.5716 TLM""}]",66
377,2026-04-28,"[{""key"": ""Abundant"", ""value"": ""0.0275 TLM""}, {""key"": ""Common"", ""value"": ""0.1296 TLM""}, {""key"": ""Epic"", ""value"": ""31.1854 TLM""}, {""key"": ""Legendary"", ""value"": ""26.3959 TLM""}, {""key"": ""Mythical"", ""value"": ""86.2879 TLM""}, {""key"": ""Rare"", ""value"": ""24.5021 TLM""}]",62
378,2026-04-29,"[{""key"": ""Abundant"", ""value"": ""0.0287 TLM""}, {""key"": ""Common"", ""value"": ""0.2089 TLM""}, {""key"": ""Epic"", ""value"": ""51.1635 TLM""}, {""key"": ""Legendary"", ""value"": ""35.8192 TLM""}, {""key"": ""Mythical"", ""value"": ""94.2612 TLM""}, {""key"": ""Rare"", ""value"": ""20.3617 TLM""}]",54
379,2026-04-30,"[{""key"": ""Abundant"", ""value"": ""0.0320 TLM""}, {""key"": ""Common"", ""value"": ""0.3280 TLM""}, {""key"": ""Epic"", ""value"": ""58.4333 TLM""}, {""key"": ""Legendary"", ""value"": ""36.6891 TLM""}, {""key"": ""Mythical"", ""value"": ""92.8064 TLM""}, {""key"": ""Rare"", ""value"": ""26.8185 TLM""}]",57
380,2026-05-01,"[{""key"": ""Abundant"", ""value"": ""0.0258 TLM""}, {""key"": ""Common"", ""value"": ""0.2535 TLM""}, {""key"": ""Epic"", ""value"": ""54.4994 TLM""}, {""key"": ""Legendary"", ""value"": ""35.1768 TLM""}, {""key"": ""Mythical"", ""value"": ""93.1381 TLM""}, {""key"": ""Rare"", ""value"": ""20.1224 TLM""}]",57
381,2026-05-02,"[{""key"": ""Abundant"", ""value"": ""0.0291 TLM""}, {""key"": ""Common"", ""value"": ""0.2187 TLM""}, {""key"": ""Epic"", ""value"": ""28.9675 TLM""}, {""key"": ""Legendary"", ""value"": ""29.4905 TLM""}, {""key"": ""Mythical"", ""value"": ""99.7132 TLM""}, {""key"": ""Rare"", ""value"": ""17.0588 TLM""}]",56
382,2026-05-03,"[{""key"": ""Abundant"", ""value"": ""0.0494 TLM""}, {""key"": ""Common"", ""value"": ""0.1558 TLM""}, {""key"": ""Epic"", ""value"": ""36.8447 TLM""}, {""key"": ""Legendary"", ""value"": ""32.1105 TLM""}, {""key"": ""Mythical"", ""value"": ""101.3471 TLM""}, {""key"": ""Rare"", ""value"": ""17.3007 TLM""}]",55
383,2026-05-04,"[{""key"": ""Abundant"", ""value"": ""0.0361 TLM""}, {""key"": ""Common"", ""value"": ""0.1695 TLM""}, {""key"": ""Epic"", ""value"": ""55.6585 TLM""}, {""key"": ""Legendary"", ""value"": ""36.2073 TLM""}, {""key"": ""Mythical"", ""value"": ""87.7481 TLM""}, {""key"": ""Rare"", ""value"": ""19.7064 TLM""}]",51
384,2026-05-05,"[{""key"": ""Abundant"", ""value"": ""0.0398 TLM""}, {""key"": ""Common"", ""value"": ""0.1440 TLM""}, {""key"": ""Epic"", ""value"": ""45.0020 TLM""}, {""key"": ""Legendary"", ""value"": ""28.2563 TLM""}, {""key"": ""Mythical"", ""value"": ""87.5991 TLM""}, {""key"": ""Rare"", ""value"": ""15.3382 TLM""}]",59
385,2026-05-06,"[{""key"": ""Abundant"", ""value"": ""0.0446 TLM""}, {""key"": ""Common"", ""value"": ""0.1203 TLM""}, {""key"": ""Epic"", ""value"": ""42.1913 TLM""}, {""key"": ""Legendary"", ""value"": ""29.9578 TLM""}, {""key"": ""Mythical"", ""value"": ""89.0537 TLM""}, {""key"": ""Rare"", ""value"": ""14.4731 TLM""}]",59
386,2026-05-07,"[{""key"": ""Abundant"", ""value"": ""0.0713 TLM""}, {""key"": ""Common"", ""value"": ""0.1651 TLM""}, {""key"": ""Epic"", ""value"": ""36.3389 TLM""}, {""key"": ""Legendary"", ""value"": ""27.6143 TLM""}, {""key"": ""Mythical"", ""value"": ""88.8396 TLM""}, {""key"": ""Rare"", ""value"": ""16.5997 TLM""}]",57
387,2026-05-08,"[{""key"": ""Abundant"", ""value"": ""0.0407 TLM""}, {""key"": ""Common"", ""value"": ""0.3121 TLM""}, {""key"": ""Epic"", ""value"": ""59.1866 TLM""}, {""key"": ""Legendary"", ""value"": ""28.5991 TLM""}, {""key"": ""Mythical"", ""value"": ""94.3439 TLM""}, {""key"": ""Rare"", ""value"": ""16.0044 TLM""}]",58
388,2026-05-09,"[{""key"": ""Abundant"", ""value"": ""0.0374 TLM""}, {""key"": ""Common"", ""value"": ""0.2800 TLM""}, {""key"": ""Epic"", ""value"": ""102.4861 TLM""}, {""key"": ""Legendary"", ""value"": ""33.5687 TLM""}, {""key"": ""Mythical"", ""value"": ""97.6314 TLM""}, {""key"": ""Rare"", ""value"": ""18.6464 TLM""}]",53
389,2026-05-10,"[{""key"": ""Abundant"", ""value"": ""0.1065 TLM""}, {""key"": ""Common"", ""value"": ""0.4242 TLM""}, {""key"": ""Epic"", ""value"": ""56.1523 TLM""}, {""key"": ""Legendary"", ""value"": ""42.7537 TLM""}, {""key"": ""Mythical"", ""value"": ""106.0624 TLM""}, {""key"": ""Rare"", ""value"": ""16.4722 TLM""}]",56
390,2026-05-11,"[{""key"": ""Abundant"", ""value"": ""0.0518 TLM""}, {""key"": ""Common"", ""value"": ""0.2487 TLM""}, {""key"": ""Epic"", ""value"": ""59.1699 TLM""}, {""key"": ""Legendary"", ""value"": ""33.3392 TLM""}, {""key"": ""Mythical"", ""value"": ""99.4543 TLM""}, {""key"": ""Rare"", ""value"": ""16.0051 TLM""}]",60
391,2026-05-12,"[{""key"": ""Abundant"", ""value"": ""0.0348 TLM""}, {""key"": ""Common"", ""value"": ""0.3440 TLM""}, {""key"": ""Epic"", ""value"": ""50.3708 TLM""}, {""key"": ""Legendary"", ""value"": ""31.4085 TLM""}, {""key"": ""Mythical"", ""value"": ""92.1176 TLM""}, {""key"": ""Rare"", ""value"": ""13.4225 TLM""}]",59
392,2026-05-13,"[{""key"": ""Abundant"", ""value"": ""0.0310 TLM""}, {""key"": ""Common"", ""value"": ""0.2762 TLM""}, {""key"": ""Epic"", ""value"": ""47.8340 TLM""}, {""key"": ""Legendary"", ""value"": ""36.5534 TLM""}, {""key"": ""Mythical"", ""value"": ""101.6454 TLM""}, {""key"": ""Rare"", ""value"": ""17.2749 TLM""}]",56
393,2026-05-14,"[{""key"": ""Abundant"", ""value"": ""0.0301 TLM""}, {""key"": ""Common"", ""value"": ""0.2507 TLM""}, {""key"": ""Epic"", ""value"": ""43.4059 TLM""}, {""key"": ""Legendary"", ""value"": ""40.2267 TLM""}, {""key"": ""Mythical"", ""value"": ""99.0882 TLM""}, {""key"": ""Rare"", ""value"": ""15.0789 TLM""}]",55
394,2026-05-15,"[{""key"": ""Abundant"", ""value"": ""0.0290 TLM""}, {""key"": ""Common"", ""value"": ""0.1899 TLM""}, {""key"": ""Epic"", ""value"": ""36.7389 TLM""}, {""key"": ""Legendary"", ""value"": ""40.3978 TLM""}, {""key"": ""Mythical"", ""value"": ""101.8465 TLM""}, {""key"": ""Rare"", ""value"": ""12.6389 TLM""}]",57
395,2026-05-16,"[{""key"": ""Abundant"", ""value"": ""0.0293 TLM""}, {""key"": ""Common"", ""value"": ""0.1784 TLM""}, {""key"": ""Epic"", ""value"": ""36.2348 TLM""}, {""key"": ""Legendary"", ""value"": ""44.2736 TLM""}, {""key"": ""Mythical"", ""value"": ""97.4123 TLM""}, {""key"": ""Rare"", ""value"": ""14.9355 TLM""}]",51
396,2026-05-17,"[{""key"": ""Abundant"", ""value"": ""0.0295 TLM""}, {""key"": ""Common"", ""value"": ""0.1919 TLM""}, {""key"": ""Epic"", ""value"": ""40.5090 TLM""}, {""key"": ""Legendary"", ""value"": ""45.2620 TLM""}, {""key"": ""Mythical"", ""value"": ""97.2920 TLM""}, {""key"": ""Rare"", ""value"": ""16.3681 TLM""}]",58
397,2026-05-18,"[{""key"": ""Abundant"", ""value"": ""0.0310 TLM""}, {""key"": ""Common"", ""value"": ""0.1896 TLM""}, {""key"": ""Epic"", ""value"": ""34.0044 TLM""}, {""key"": ""Legendary"", ""value"": ""37.8134 TLM""}, {""key"": ""Mythical"", ""value"": ""90.2097 TLM""}, {""key"": ""Rare"", ""value"": ""12.6903 TLM""}]",52
398,2026-05-19,"[{""key"": ""Abundant"", ""value"": ""0.0340 TLM""}, {""key"": ""Common"", ""value"": ""0.1883 TLM""}, {""key"": ""Epic"", ""value"": ""36.3615 TLM""}, {""key"": ""Legendary"", ""value"": ""39.0913 TLM""}, {""key"": ""Mythical"", ""value"": ""90.5478 TLM""}, {""key"": ""Rare"", ""value"": ""13.1368 TLM""}]",55
399,2026-05-20,"[{""key"": ""Abundant"", ""value"": ""0.0379 TLM""}, {""key"": ""Common"", ""value"": ""0.1568 TLM""}, {""key"": ""Epic"", ""value"": ""29.1257 TLM""}, {""key"": ""Legendary"", ""value"": ""38.2370 TLM""}, {""key"": ""Mythical"", ""value"": ""94.7174 TLM""}, {""key"": ""Rare"", ""value"": ""11.3466 TLM""}]",59
400,2026-05-21,"[{""key"": ""Abundant"", ""value"": ""0.0372 TLM""}, {""key"": ""Common"", ""value"": ""0.3207 TLM""}, {""key"": ""Epic"", ""value"": ""20.3059 TLM""}, {""key"": ""Legendary"", ""value"": ""32.3997 TLM""}, {""key"": ""Mythical"", ""value"": ""92.5087 TLM""}, {""key"": ""Rare"", ""value"": ""9.9007 TLM""}]",61
401,2026-05-22,"[{""key"": ""Abundant"", ""value"": ""0.0310 TLM""}, {""key"": ""Common"", ""value"": ""0.3352 TLM""}, {""key"": ""Epic"", ""value"": ""41.3424 TLM""}, {""key"": ""Legendary"", ""value"": ""35.7350 TLM""}, {""key"": ""Mythical"", ""value"": ""94.3955 TLM""}, {""key"": ""Rare"", ""value"": ""17.4091 TLM""}]",56
402,2026-05-23,"[{""key"": ""Abundant"", ""value"": ""0.0292 TLM""}, {""key"": ""Common"", ""value"": ""0.2263 TLM""}, {""key"": ""Epic"", ""value"": ""41.2376 TLM""}, {""key"": ""Legendary"", ""value"": ""33.6492 TLM""}, {""key"": ""Mythical"", ""value"": ""105.1019 TLM""}, {""key"": ""Rare"", ""value"": ""14.8301 TLM""}]",55
403,2026-05-24,"[{""key"": ""Abundant"", ""value"": ""0.0271 TLM""}, {""key"": ""Common"", ""value"": ""0.2463 TLM""}, {""key"": ""Epic"", ""value"": ""45.6016 TLM""}, {""key"": ""Legendary"", ""value"": ""42.8327 TLM""}, {""key"": ""Mythical"", ""value"": ""93.2376 TLM""}, {""key"": ""Rare"", ""value"": ""15.6284 TLM""}]",57
404,2026-05-25,"[{""key"": ""Abundant"", ""value"": ""0.0287 TLM""}, {""key"": ""Common"", ""value"": ""0.2183 TLM""}, {""key"": ""Epic"", ""value"": ""35.8338 TLM""}, {""key"": ""Legendary"", ""value"": ""35.5014 TLM""}, {""key"": ""Mythical"", ""value"": ""91.8776 TLM""}, {""key"": ""Rare"", ""value"": ""12.5627 TLM""}]",57
405,2026-05-26,"[{""key"": ""Abundant"", ""value"": ""0.0276 TLM""}, {""key"": ""Common"", ""value"": ""0.2675 TLM""}, {""key"": ""Epic"", ""value"": ""35.3884 TLM""}, {""key"": ""Legendary"", ""value"": ""39.7769 TLM""}, {""key"": ""Mythical"", ""value"": ""90.6298 TLM""}, {""key"": ""Rare"", ""value"": ""13.9830 TLM""}]",53
406,2026-05-27,"[{""key"": ""Abundant"", ""value"": ""0.0305 TLM""}, {""key"": ""Common"", ""value"": ""0.3224 TLM""}, {""key"": ""Epic"", ""value"": ""42.0314 TLM""}, {""key"": ""Legendary"", ""value"": ""38.4239 TLM""}, {""key"": ""Mythical"", ""value"": ""97.6429 TLM""}, {""key"": ""Rare"", ""value"": ""16.2414 TLM""}]",56
407,2026-05-28,"[{""key"": ""Abundant"", ""value"": ""0.0298 TLM""}, {""key"": ""Common"", ""value"": ""0.2659 TLM""}, {""key"": ""Epic"", ""value"": ""33.8030 TLM""}, {""key"": ""Legendary"", ""value"": ""38.1042 TLM""}, {""key"": ""Mythical"", ""value"": ""96.3077 TLM""}, {""key"": ""Rare"", ""value"": ""13.5546 TLM""}]",53
408,2026-05-29,"[{""key"": ""Abundant"", ""value"": ""0.0332 TLM""}, {""key"": ""Common"", ""value"": ""0.3003 TLM""}, {""key"": ""Epic"", ""value"": ""33.8902 TLM""}, {""key"": ""Legendary"", ""value"": ""40.2778 TLM""}, {""key"": ""Mythical"", ""value"": ""98.1220 TLM""}, {""key"": ""Rare"", ""value"": ""12.4684 TLM""}]",61
409,2026-05-30,"[{""key"": ""Abundant"", ""value"": ""0.0307 TLM""}, {""key"": ""Common"", ""value"": ""0.3677 TLM""}, {""key"": ""Epic"", ""value"": ""45.1801 TLM""}, {""key"": ""Legendary"", ""value"": ""32.6982 TLM""}, {""key"": ""Mythical"", ""value"": ""110.4844 TLM""}, {""key"": ""Rare"", ""value"": ""13.9622 TLM""}]",57
410,2026-05-31,"[{""key"": ""Abundant"", ""value"": ""0.0314 TLM""}, {""key"": ""Common"", ""value"": ""0.2470 TLM""}, {""key"": ""Epic"", ""value"": ""42.8169 TLM""}, {""key"": ""Legendary"", ""value"": ""34.1216 TLM""}, {""key"": ""Mythical"", ""value"": ""102.4628 TLM""}, {""key"": ""Rare"", ""value"": ""14.3938 TLM""}]",57
411,2026-06-01,"[{""key"": ""Abundant"", ""value"": ""0.0298 TLM""}, {""key"": ""Common"", ""value"": ""0.2809 TLM""}, {""key"": ""Epic"", ""value"": ""38.3045 TLM""}, {""key"": ""Legendary"", ""value"": ""37.7341 TLM""}, {""key"": ""Mythical"", ""value"": ""93.3762 TLM""}, {""key"": ""Rare"", ""value"": ""13.2025 TLM""}]",53
412,2026-06-02,"[{""key"": ""Abundant"", ""value"": ""0.0270 TLM""}, {""key"": ""Common"", ""value"": ""0.2553 TLM""}, {""key"": ""Epic"", ""value"": ""29.4062 TLM""}, {""key"": ""Legendary"", ""value"": ""31.6752 TLM""}, {""key"": ""Mythical"", ""value"": ""97.3427 TLM""}, {""key"": ""Rare"", ""value"": ""11.6085 TLM""}]",59
413,2026-06-03,"[{""key"": ""Abundant"", ""value"": ""0.0300 TLM""}, {""key"": ""Common"", ""value"": ""0.3049 TLM""}, {""key"": ""Epic"", ""value"": ""36.5201 TLM""}, {""key"": ""Legendary"", ""value"": ""32.2545 TLM""}, {""key"": ""Mythical"", ""value"": ""91.2982 TLM""}, {""key"": ""Rare"", ""value"": ""15.1257 TLM""}]",52
414,2026-06-04,"[{""key"": ""Abundant"", ""value"": ""0.0308 TLM""}, {""key"": ""Common"", ""value"": ""0.2824 TLM""}, {""key"": ""Epic"", ""value"": ""38.6712 TLM""}, {""key"": ""Legendary"", ""value"": ""38.9451 TLM""}, {""key"": ""Mythical"", ""value"": ""102.7872 TLM""}, {""key"": ""Rare"", ""value"": ""15.0555 TLM""}]",52
415,2026-06-05,"[{""key"": ""Abundant"", ""value"": ""0.0270 TLM""}, {""key"": ""Common"", ""value"": ""0.2373 TLM""}, {""key"": ""Epic"", ""value"": ""30.1462 TLM""}, {""key"": ""Legendary"", ""value"": ""36.5207 TLM""}, {""key"": ""Mythical"", ""value"": ""101.4990 TLM""}, {""key"": ""Rare"", ""value"": ""12.5966 TLM""}]",52
416,2026-06-06,"[{""key"": ""Abundant"", ""value"": ""0.0311 TLM""}, {""key"": ""Common"", ""value"": ""1.2074 TLM""}, {""key"": ""Epic"", ""value"": ""34.2159 TLM""}, {""key"": ""Legendary"", ""value"": ""39.0880 TLM""}, {""key"": ""Mythical"", ""value"": ""105.5857 TLM""}, {""key"": ""Rare"", ""value"": ""13.2107 TLM""}]",54
417,2026-06-07,"[{""key"": ""Abundant"", ""value"": ""0.0279 TLM""}, {""key"": ""Common"", ""value"": ""0.3416 TLM""}, {""key"": ""Epic"", ""value"": ""52.3460 TLM""}, {""key"": ""Legendary"", ""value"": ""42.6366 TLM""}, {""key"": ""Mythical"", ""value"": ""103.0559 TLM""}, {""key"": ""Rare"", ""value"": ""18.5302 TLM""}]",51
418,2026-06-08,"[{""key"": ""Abundant"", ""value"": ""0.0306 TLM""}, {""key"": ""Common"", ""value"": ""0.4462 TLM""}, {""key"": ""Epic"", ""value"": ""42.5590 TLM""}, {""key"": ""Legendary"", ""value"": ""36.9315 TLM""}, {""key"": ""Mythical"", ""value"": ""89.8096 TLM""}, {""key"": ""Rare"", ""value"": ""15.9120 TLM""}]",59
419,2026-06-09,"[{""key"": ""Abundant"", ""value"": ""0.0289 TLM""}, {""key"": ""Common"", ""value"": ""0.3909 TLM""}, {""key"": ""Epic"", ""value"": ""47.1230 TLM""}, {""key"": ""Legendary"", ""value"": ""35.9259 TLM""}, {""key"": ""Mythical"", ""value"": ""92.2607 TLM""}, {""key"": ""Rare"", ""value"": ""21.0590 TLM""}]",52
420,2026-06-10,"[{""key"": ""Abundant"", ""value"": ""0.0261 TLM""}, {""key"": ""Common"", ""value"": ""1.3919 TLM""}, {""key"": ""Epic"", ""value"": ""37.6469 TLM""}, {""key"": ""Legendary"", ""value"": ""36.0411 TLM""}, {""key"": ""Mythical"", ""value"": ""100.5429 TLM""}, {""key"": ""Rare"", ""value"": ""21.8796 TLM""}]",56
421,2026-06-11,"[{""key"": ""Abundant"", ""value"": ""0.0228 TLM""}, {""key"": ""Common"", ""value"": ""1.4303 TLM""}, {""key"": ""Epic"", ""value"": ""44.4687 TLM""}, {""key"": ""Legendary"", ""value"": ""40.9916 TLM""}, {""key"": ""Mythical"", ""value"": ""103.2800 TLM""}, {""key"": ""Rare"", ""value"": ""18.4692 TLM""}]",52
422,2026-06-12,"[{""key"": ""Abundant"", ""value"": ""0.0220 TLM""}, {""key"": ""Common"", ""value"": ""1.2446 TLM""}, {""key"": ""Epic"", ""value"": ""34.2990 TLM""}, {""key"": ""Legendary"", ""value"": ""37.8790 TLM""}, {""key"": ""Mythical"", ""value"": ""102.1872 TLM""}, {""key"": ""Rare"", ""value"": ""12.7285 TLM""}]",58
423,2026-06-13,"[{""key"": ""Abundant"", ""value"": ""0.0213 TLM""}, {""key"": ""Common"", ""value"": ""0.6888 TLM""}, {""key"": ""Epic"", ""value"": ""37.2202 TLM""}, {""key"": ""Legendary"", ""value"": ""40.3068 TLM""}, {""key"": ""Mythical"", ""value"": ""106.8020 TLM""}, {""key"": ""Rare"", ""value"": ""9.9971 TLM""}]",55
424,2026-06-14,"[{""key"": ""Abundant"", ""value"": ""0.0223 TLM""}, {""key"": ""Common"", ""value"": ""0.6380 TLM""}, {""key"": ""Epic"", ""value"": ""37.0477 TLM""}, {""key"": ""Legendary"", ""value"": ""44.3890 TLM""}, {""key"": ""Mythical"", ""value"": ""98.6131 TLM""}, {""key"": ""Rare"", ""value"": ""13.9607 TLM""}]",52
425,2026-06-15,"[{""key"": ""Abundant"", ""value"": ""0.0200 TLM""}, {""key"": ""Common"", ""value"": ""0.6791 TLM""}, {""key"": ""Epic"", ""value"": ""33.3243 TLM""}, {""key"": ""Legendary"", ""value"": ""40.3242 TLM""}, {""key"": ""Mythical"", ""value"": ""94.2050 TLM""}, {""key"": ""Rare"", ""value"": ""11.3166 TLM""}]",55
426,2026-06-16,"[{""key"": ""Abundant"", ""value"": ""0.0238 TLM""}, {""key"": ""Common"", ""value"": ""0.3377 TLM""}, {""key"": ""Epic"", ""value"": ""31.6356 TLM""}, {""key"": ""Legendary"", ""value"": ""36.5398 TLM""}, {""key"": ""Mythical"", ""value"": ""103.6101 TLM""}, {""key"": ""Rare"", ""value"": ""11.3266 TLM""}]",53
427,2026-06-17,"[{""key"": ""Abundant"", ""value"": ""0.0255 TLM""}, {""key"": ""Common"", ""value"": ""0.3027 TLM""}, {""key"": ""Epic"", ""value"": ""28.9881 TLM""}, {""key"": ""Legendary"", ""value"": ""40.6662 TLM""}, {""key"": ""Mythical"", ""value"": ""109.1345 TLM""}, {""key"": ""Rare"", ""value"": ""11.0162 TLM""}]",51
428,2026-06-18,"[{""key"": ""Abundant"", ""value"": ""0.0191 TLM""}, {""key"": ""Common"", ""value"": ""3.7272 TLM""}, {""key"": ""Epic"", ""value"": ""52.7654 TLM""}, {""key"": ""Legendary"", ""value"": ""42.6072 TLM""}, {""key"": ""Mythical"", ""value"": ""101.2602 TLM""}, {""key"": ""Rare"", ""value"": ""33.7772 TLM""}]",51
429,2026-06-19,"[{""key"": ""Abundant"", ""value"": ""0.0170 TLM""}, {""key"": ""Common"", ""value"": ""4.5015 TLM""}, {""key"": ""Epic"", ""value"": ""50.6259 TLM""}, {""key"": ""Legendary"", ""value"": ""39.3550 TLM""}, {""key"": ""Mythical"", ""value"": ""104.9701 TLM""}, {""key"": ""Rare"", ""value"": ""29.4825 TLM""}]",51
430,2026-06-20,"[{""key"": ""Abundant"", ""value"": ""0.0182 TLM""}, {""key"": ""Common"", ""value"": ""3.3739 TLM""}, {""key"": ""Epic"", ""value"": ""56.8638 TLM""}, {""key"": ""Legendary"", ""value"": ""44.3585 TLM""}, {""key"": ""Mythical"", ""value"": ""109.0128 TLM""}, {""key"": ""Rare"", ""value"": ""25.9710 TLM""}]",54
431,2026-06-21,"[{""key"": ""Abundant"", ""value"": ""0.0169 TLM""}, {""key"": ""Common"", ""value"": ""5.2893 TLM""}, {""key"": ""Epic"", ""value"": ""53.9912 TLM""}, {""key"": ""Legendary"", ""value"": ""43.0274 TLM""}, {""key"": ""Mythical"", ""value"": ""111.1287 TLM""}, {""key"": ""Rare"", ""value"": ""29.7113 TLM""}]",55
432,2026-06-22,"[{""key"": ""Abundant"", ""value"": ""0.0402 TLM""}, {""key"": ""Common"", ""value"": ""7.2742 TLM""}, {""key"": ""Epic"", ""value"": ""50.0324 TLM""}, {""key"": ""Legendary"", ""value"": ""37.7048 TLM""}, {""key"": ""Mythical"", ""value"": ""107.4366 TLM""}, {""key"": ""Rare"", ""value"": ""34.0975 TLM""}]",51
433,2026-06-23,"[{""key"": ""Abundant"", ""value"": ""0.0462 TLM""}, {""key"": ""Common"", ""value"": ""7.2874 TLM""}, {""key"": ""Epic"", ""value"": ""51.7771 TLM""}, {""key"": ""Legendary"", ""value"": ""36.4683 TLM""}, {""key"": ""Mythical"", ""value"": ""108.3764 TLM""}, {""key"": ""Rare"", ""value"": ""33.5102 TLM""}]",53
434,2026-06-24,"[{""key"": ""Abundant"", ""value"": ""0.0414 TLM""}, {""key"": ""Common"", ""value"": ""6.5424 TLM""}, {""key"": ""Epic"", ""value"": ""52.0905 TLM""}, {""key"": ""Legendary"", ""value"": ""40.1784 TLM""}, {""key"": ""Mythical"", ""value"": ""105.4374 TLM""}, {""key"": ""Rare"", ""value"": ""32.9607 TLM""}]",53
435,2026-06-25,"[{""key"": ""Abundant"", ""value"": ""0.0300 TLM""}, {""key"": ""Common"", ""value"": ""7.3817 TLM""}, {""key"": ""Epic"", ""value"": ""48.3618 TLM""}, {""key"": ""Legendary"", ""value"": ""40.2105 TLM""}, {""key"": ""Mythical"", ""value"": ""111.6975 TLM""}, {""key"": ""Rare"", ""value"": ""32.4259 TLM""}]",47
436,2026-06-26,"[{""key"": ""Abundant"", ""value"": ""0.0260 TLM""}, {""key"": ""Common"", ""value"": ""5.7916 TLM""}, {""key"": ""Epic"", ""value"": ""51.4299 TLM""}, {""key"": ""Legendary"", ""value"": ""41.4011 TLM""}, {""key"": ""Mythical"", ""value"": ""120.5942 TLM""}, {""key"": ""Rare"", ""value"": ""30.7563 TLM""}]",56
437,2026-06-27,"[{""key"": ""Abundant"", ""value"": ""0.0345 TLM""}, {""key"": ""Common"", ""value"": ""5.4751 TLM""}, {""key"": ""Epic"", ""value"": ""49.7090 TLM""}, {""key"": ""Legendary"", ""value"": ""41.2276 TLM""}, {""key"": ""Mythical"", ""value"": ""123.3518 TLM""}, {""key"": ""Rare"", ""value"": ""30.1832 TLM""}]",64
438,2026-06-28,"[{""key"": ""Abundant"", ""value"": ""0.0331 TLM""}, {""key"": ""Common"", ""value"": ""4.8376 TLM""}, {""key"": ""Epic"", ""value"": ""51.0284 TLM""}, {""key"": ""Legendary"", ""value"": ""42.1460 TLM""}, {""key"": ""Mythical"", ""value"": ""115.3414 TLM""}, {""key"": ""Rare"", ""value"": ""31.0476 TLM""}]",68
439,2026-06-29,"[{""key"": ""Abundant"", ""value"": ""0.0245 TLM""}, {""key"": ""Common"", ""value"": ""4.4255 TLM""}, {""key"": ""Epic"", ""value"": ""48.4741 TLM""}, {""key"": ""Legendary"", ""value"": ""40.4423 TLM""}, {""key"": ""Mythical"", ""value"": ""109.3748 TLM""}, {""key"": ""Rare"", ""value"": ""30.5229 TLM""}]",67
440,2026-06-30,"[{""key"": ""Abundant"", ""value"": ""0.0219 TLM""}, {""key"": ""Common"", ""value"": ""4.2286 TLM""}, {""key"": ""Epic"", ""value"": ""51.3310 TLM""}, {""key"": ""Legendary"", ""value"": ""38.0518 TLM""}, {""key"": ""Mythical"", ""value"": ""109.1599 TLM""}, {""key"": ""Rare"", ""value"": ""28.3972 TLM""}]",65
441,2026-07-01,"[{""key"": ""Abundant"", ""value"": ""0.0206 TLM""}, {""key"": ""Common"", ""value"": ""26.7245 TLM""}, {""key"": ""Epic"", ""value"": ""49.3660 TLM""}, {""key"": ""Legendary"", ""value"": ""40.0440 TLM""}, {""key"": ""Mythical"", ""value"": ""122.3854 TLM""}, {""key"": ""Rare"", ""value"": ""34.4178 TLM""}]",60
442,2026-07-02,"[{""key"": ""Abundant"", ""value"": ""0.0227 TLM""}, {""key"": ""Common"", ""value"": ""5.0538 TLM""}, {""key"": ""Epic"", ""value"": ""51.8372 TLM""}, {""key"": ""Legendary"", ""value"": ""41.6889 TLM""}, {""key"": ""Mythical"", ""value"": ""108.3990 TLM""}, {""key"": ""Rare"", ""value"": ""34.7571 TLM""}]",66
443,2026-07-03,"[{""key"": ""Abundant"", ""value"": ""0.0249 TLM""}, {""key"": ""Common"", ""value"": ""5.9535 TLM""}, {""key"": ""Epic"", ""value"": ""64.8589 TLM""}, {""key"": ""Legendary"", ""value"": ""56.4509 TLM""}, {""key"": ""Mythical"", ""value"": ""130.2126 TLM""}, {""key"": ""Rare"", ""value"": ""37.5182 TLM""}]",2
444,2026-07-07,"[{""key"": ""Abundant"", ""value"": ""0.0109 TLM""}, {""key"": ""Common"", ""value"": ""5.0038 TLM""}, {""key"": ""Epic"", ""value"": ""49.4277 TLM""}, {""key"": ""Legendary"", ""value"": ""23.1426 TLM""}, {""key"": ""Mythical"", ""value"": ""67.0650 TLM""}, {""key"": ""Rare"", ""value"": ""25.1214 TLM""}]",1
445,2026-07-10,"[{""key"": ""Abundant"", ""value"": ""0.0213 TLM""}, {""key"": ""Common"", ""value"": ""4.0956 TLM""}, {""key"": ""Epic"", ""value"": ""47.9756 TLM""}, {""key"": ""Legendary"", ""value"": ""37.5085 TLM""}, {""key"": ""Mythical"", ""value"": ""109.6865 TLM""}, {""key"": ""Rare"", ""value"": ""26.5727 TLM""}]",59
446,2026-07-11,"[{""key"": ""Abundant"", ""value"": ""0.0216 TLM""}, {""key"": ""Common"", ""value"": ""3.9495 TLM""}, {""key"": ""Epic"", ""value"": ""47.9572 TLM""}, {""key"": ""Legendary"", ""value"": ""38.4151 TLM""}, {""key"": ""Mythical"", ""value"": ""112.9593 TLM""}, {""key"": ""Rare"", ""value"": ""25.7134 TLM""}]",62
447,2026-07-12,"[{""key"": ""Abundant"", ""value"": ""0.0195 TLM""}, {""key"": ""Common"", ""value"": ""4.3268 TLM""}, {""key"": ""Epic"", ""value"": ""49.6071 TLM""}, {""key"": ""Legendary"", ""value"": ""39.0566 TLM""}, {""key"": ""Mythical"", ""value"": ""115.1020 TLM""}, {""key"": ""Rare"", ""value"": ""27.5097 TLM""}]",62
448,2026-07-13,"[{""key"": ""Abundant"", ""value"": ""0.0263 TLM""}, {""key"": ""Common"", ""value"": ""10.1274 TLM""}, {""key"": ""Epic"", ""value"": ""50.7654 TLM""}, {""key"": ""Legendary"", ""value"": ""39.5167 TLM""}, {""key"": ""Mythical"", ""value"": ""113.1300 TLM""}, {""key"": ""Rare"", ""value"": ""29.1229 TLM""}]",62
449,2026-07-14,"[{""key"": ""Abundant"", ""value"": ""0.0332 TLM""}, {""key"": ""Common"", ""value"": ""4.0994 TLM""}, {""key"": ""Epic"", ""value"": ""45.0349 TLM""}, {""key"": ""Legendary"", ""value"": ""39.4273 TLM""}, {""key"": ""Mythical"", ""value"": ""111.7779 TLM""}, {""key"": ""Rare"", ""value"": ""26.1513 TLM""}]",60
450,2026-07-15,"[{""key"": ""Abundant"", ""value"": ""0.0336 TLM""}, {""key"": ""Common"", ""value"": ""5.4690 TLM""}, {""key"": ""Epic"", ""value"": ""46.4897 TLM""}, {""key"": ""Legendary"", ""value"": ""37.4505 TLM""}, {""key"": ""Mythical"", ""value"": ""121.1769 TLM""}, {""key"": ""Rare"", ""value"": ""27.8271 TLM""}]",59
451,2026-07-16,"[{""key"": ""Abundant"", ""value"": ""0.0311 TLM""}, {""key"": ""Common"", ""value"": ""4.0534 TLM""}, {""key"": ""Epic"", ""value"": ""47.5626 TLM""}, {""key"": ""Legendary"", ""value"": ""40.4213 TLM""}, {""key"": ""Mythical"", ""value"": ""124.2867 TLM""}, {""key"": ""Rare"", ""value"": ""27.2570 TLM""}]",60
452,2026-07-17,"[{""key"": ""Abundant"", ""value"": ""0.0305 TLM""}, {""key"": ""Common"", ""value"": ""3.8636 TLM""}, {""key"": ""Epic"", ""value"": ""56.2363 TLM""}, {""key"": ""Legendary"", ""value"": ""46.3949 TLM""}, {""key"": ""Mythical"", ""value"": ""152.6278 TLM""}, {""key"": ""Rare"", ""value"": ""29.6711 TLM""}]",53
453,2026-07-29,"[{""key"": ""Abundant"", ""value"": ""0.1751 TLM""}, {""key"": ""Common"", ""value"": ""3.6233 TLM""}, {""key"": ""Epic"", ""value"": ""41.4882 TLM""}, {""key"": ""Legendary"", ""value"": ""35.3575 TLM""}, {""key"": ""Mythical"", ""value"": ""101.5439 TLM""}, {""key"": ""Rare"", ""value"": ""26.8096 TLM""}]",13
454,2026-07-30,"[{""key"": ""Abundant"", ""value"": ""0.1473 TLM""}, {""key"": ""Common"", ""value"": ""3.6004 TLM""}, {""key"": ""Epic"", ""value"": ""46.7819 TLM""}, {""key"": ""Legendary"", ""value"": ""39.6373 TLM""}, {""key"": ""Mythical"", ""value"": ""119.4894 TLM""}, {""key"": ""Rare"", ""value"": ""25.6830 TLM""}]",50
455,2026-07-31,"[{""key"": ""Abundant"", ""value"": ""0.1422 TLM""}, {""key"": ""Common"", ""value"": ""3.4109 TLM""}, {""key"": ""Epic"", ""value"": ""42.9877 TLM""}, {""key"": ""Legendary"", ""value"": ""36.7752 TLM""}, {""key"": ""Mythical"", ""value"": ""131.5812 TLM""}, {""key"": ""Rare"", ""value"": ""25.0754 TLM""}]",54
456,2026-08-01,"[{""key"": ""Abundant"", ""value"": ""0.1332 TLM""}, {""key"": ""Common"", ""value"": ""3.9111 TLM""}, {""key"": ""Epic"", ""value"": ""48.6273 TLM""}, {""key"": ""Legendary"", ""value"": ""42.5150 TLM""}, {""key"": ""Mythical"", ""value"": ""138.3402 TLM""}, {""key"": ""Rare"", ""value"": ""27.0492 TLM""}]",44
457,2026-08-02,"[{""key"": ""Abundant"", ""value"": ""0.1180 TLM""}, {""key"": ""Common"", ""value"": ""3.3099 TLM""}, {""key"": ""Epic"", ""value"": ""43.2112 TLM""}, {""key"": ""Legendary"", ""value"": ""44.4234 TLM""}, {""key"": ""Mythical"", ""value"": ""131.3249 TLM""}, {""key"": ""Rare"", ""value"": ""24.8563 TLM""}]",55
458,2026-08-03,"[{""key"": ""Abundant"", ""value"": ""0.0930 TLM""}, {""key"": ""Common"", ""value"": ""3.3752 TLM""}, {""key"": ""Epic"", ""value"": ""41.6761 TLM""}, {""key"": ""Legendary"", ""value"": ""34.8416 TLM""}, {""key"": ""Mythical"", ""value"": ""111.9815 TLM""}, {""key"": ""Rare"", ""value"": ""23.7153 TLM""}]",51
459,2026-08-04,"[{""key"": ""Abundant"", ""value"": ""0.0884 TLM""}, {""key"": ""Common"", ""value"": ""3.4680 TLM""}, {""key"": ""Epic"", ""value"": ""43.9749 TLM""}, {""key"": ""Legendary"", ""value"": ""38.9975 TLM""}, {""key"": ""Mythical"", ""value"": ""116.3616 TLM""}, {""key"": ""Rare"", ""value"": ""23.7559 TLM""}]",54
460,2026-08-05,"[{""key"": ""Abundant"", ""value"": ""0.0835 TLM""}, {""key"": ""Common"", ""value"": ""3.8949 TLM""}, {""key"": ""Epic"", ""value"": ""47.0111 TLM""}, {""key"": ""Legendary"", ""value"": ""39.5592 TLM""}, {""key"": ""Mythical"", ""value"": ""119.6778 TLM""}, {""key"": ""Rare"", ""value"": ""25.1075 TLM""}]",50
461,2026-08-06,"[{""key"": ""Abundant"", ""value"": ""0.0756 TLM""}, {""key"": ""Common"", ""value"": ""3.3438 TLM""}, {""key"": ""Epic"", ""value"": ""48.7132 TLM""}, {""key"": ""Legendary"", ""value"": ""46.9587 TLM""}, {""key"": ""Mythical"", ""value"": ""144.2520 TLM""}, {""key"": ""Rare"", ""value"": ""24.8033 TLM""}]",15
